2025-08-20 10:26:13 [restartedMain] INFO  r.l.f.FlashBackendApplication - Starting FlashBackendApplication using Java 17.0.13 on WIN-UN3TDHLUABS with PID 15744 (C:\Папка Папок\flash-spring\flash-backend\target\classes started by lomov in C:\Папка Папок\flash-spring)
2025-08-20 10:26:13 [restartedMain] DEBUG r.l.f.FlashBackendApplication - Running with Spring Boot v2.7.4, Spring v5.3.23
2025-08-20 10:26:13 [restartedMain] INFO  r.l.f.FlashBackendApplication - No active profile set, falling back to 1 default profile: "default"
2025-08-20 10:26:14 [restartedMain] INFO  o.s.b.d.e.DevToolsPropertyDefaultsPostProcessor - Devtools property defaults active! Set 'spring.devtools.add-properties' to 'false' to disable
2025-08-20 10:26:30 [restartedMain] INFO  o.s.d.r.c.RepositoryConfigurationDelegate - Multiple Spring Data modules found, entering strict repository configuration mode
2025-08-20 10:26:30 [restartedMain] INFO  o.s.d.r.c.RepositoryConfigurationDelegate - Bootstrapping Spring Data JDBC repositories in DEFAULT mode.
2025-08-20 10:26:30 [restartedMain] INFO  o.s.d.r.c.RepositoryConfigurationExtensionSupport - Spring Data JDBC - Could not safely identify store assignment for repository candidate interface ru.lomov.flashbackend.repositories.AchievementRepository; If you want this repository to be a JDBC repository, consider annotating your entities with one of these annotations: org.springframework.data.relational.core.mapping.Table.
2025-08-20 10:26:30 [restartedMain] INFO  o.s.d.r.c.RepositoryConfigurationExtensionSupport - Spring Data JDBC - Could not safely identify store assignment for repository candidate interface ru.lomov.flashbackend.repositories.CommentRepository; If you want this repository to be a JDBC repository, consider annotating your entities with one of these annotations: org.springframework.data.relational.core.mapping.Table.
2025-08-20 10:26:30 [restartedMain] INFO  o.s.d.r.c.RepositoryConfigurationExtensionSupport - Spring Data JDBC - Could not safely identify store assignment for repository candidate interface ru.lomov.flashbackend.repositories.LikeRepository; If you want this repository to be a JDBC repository, consider annotating your entities with one of these annotations: org.springframework.data.relational.core.mapping.Table.
2025-08-20 10:26:30 [restartedMain] INFO  o.s.d.r.c.RepositoryConfigurationExtensionSupport - Spring Data JDBC - Could not safely identify store assignment for repository candidate interface ru.lomov.flashbackend.repositories.MediaFileRepository; If you want this repository to be a JDBC repository, consider annotating your entities with one of these annotations: org.springframework.data.relational.core.mapping.Table.
2025-08-20 10:26:30 [restartedMain] INFO  o.s.d.r.c.RepositoryConfigurationExtensionSupport - Spring Data JDBC - Could not safely identify store assignment for repository candidate interface ru.lomov.flashbackend.repositories.PostRepository; If you want this repository to be a JDBC repository, consider annotating your entities with one of these annotations: org.springframework.data.relational.core.mapping.Table.
2025-08-20 10:26:30 [restartedMain] INFO  o.s.d.r.c.RepositoryConfigurationExtensionSupport - Spring Data JDBC - Could not safely identify store assignment for repository candidate interface ru.lomov.flashbackend.repositories.RoleRepository; If you want this repository to be a JDBC repository, consider annotating your entities with one of these annotations: org.springframework.data.relational.core.mapping.Table.
2025-08-20 10:26:30 [restartedMain] INFO  o.s.d.r.c.RepositoryConfigurationExtensionSupport - Spring Data JDBC - Could not safely identify store assignment for repository candidate interface ru.lomov.flashbackend.repositories.ShareRepository; If you want this repository to be a JDBC repository, consider annotating your entities with one of these annotations: org.springframework.data.relational.core.mapping.Table.
2025-08-20 10:26:30 [restartedMain] INFO  o.s.d.r.c.RepositoryConfigurationExtensionSupport - Spring Data JDBC - Could not safely identify store assignment for repository candidate interface ru.lomov.flashbackend.repositories.UserRepository; If you want this repository to be a JDBC repository, consider annotating your entities with one of these annotations: org.springframework.data.relational.core.mapping.Table.
2025-08-20 10:26:35 [restartedMain] INFO  o.s.d.r.c.RepositoryConfigurationDelegate - Finished Spring Data repository scanning in 5049 ms. Found 0 JDBC repository interfaces.
2025-08-20 10:26:35 [restartedMain] INFO  o.s.d.r.c.RepositoryConfigurationDelegate - Multiple Spring Data modules found, entering strict repository configuration mode
2025-08-20 10:26:35 [restartedMain] INFO  o.s.d.r.c.RepositoryConfigurationDelegate - Bootstrapping Spring Data JPA repositories in DEFAULT mode.
2025-08-20 10:26:35 [restartedMain] INFO  o.s.d.r.c.RepositoryConfigurationDelegate - Finished Spring Data repository scanning in 259 ms. Found 8 JPA repository interfaces.
2025-08-20 10:26:40 [restartedMain] INFO  o.s.b.w.e.tomcat.TomcatWebServer - Tomcat initialized with port(s): 8187 (http)
2025-08-20 10:26:40 [restartedMain] INFO  o.a.catalina.core.StandardService - Starting service [Tomcat]
2025-08-20 10:26:40 [restartedMain] INFO  o.a.catalina.core.StandardEngine - Starting Servlet engine: [Apache Tomcat/9.0.65]
2025-08-20 10:26:40 [restartedMain] INFO  o.a.c.c.C.[Tomcat].[localhost].[/] - Initializing Spring embedded WebApplicationContext
2025-08-20 10:26:40 [restartedMain] INFO  o.s.b.w.s.c.ServletWebServerApplicationContext - Root WebApplicationContext: initialization completed in 25693 ms
2025-08-20 10:26:40 [restartedMain] TRACE o.s.b.w.s.ServletContextInitializerBeans - Added existing Filter initializer bean 'securityFilterChainRegistration'; order=-100, resource=class path resource [org/springframework/boot/autoconfigure/security/servlet/SecurityFilterAutoConfiguration.class]
2025-08-20 10:26:40 [restartedMain] TRACE o.s.b.w.s.ServletContextInitializerBeans - Added existing Servlet initializer bean 'dispatcherServletRegistration'; order=2147483647, resource=class path resource [org/springframework/boot/autoconfigure/web/servlet/DispatcherServletAutoConfiguration$DispatcherServletRegistrationConfiguration.class]
2025-08-20 10:26:40 [restartedMain] TRACE o.s.b.w.s.ServletContextInitializerBeans - Added existing Filter initializer bean 'errorPageSecurityFilter'; order=2147483647, resource=class path resource [org/springframework/boot/autoconfigure/security/servlet/SpringBootWebSecurityConfiguration$ErrorPageSecurityFilterConfiguration.class]
2025-08-20 10:26:40 [restartedMain] TRACE o.s.b.w.s.ServletContextInitializerBeans - Created Filter initializer for bean 'characterEncodingFilter'; order=-2147483648, resource=class path resource [org/springframework/boot/autoconfigure/web/servlet/HttpEncodingAutoConfiguration.class]
2025-08-20 10:26:40 [restartedMain] TRACE o.s.b.w.s.ServletContextInitializerBeans - Created Filter initializer for bean 'formContentFilter'; order=-9900, resource=class path resource [org/springframework/boot/autoconfigure/web/servlet/WebMvcAutoConfiguration.class]
2025-08-20 10:26:40 [restartedMain] TRACE o.s.b.w.s.ServletContextInitializerBeans - Created Filter initializer for bean 'requestContextFilter'; order=-105, resource=class path resource [org/springframework/boot/autoconfigure/web/servlet/WebMvcAutoConfiguration$WebMvcAutoConfigurationAdapter.class]
2025-08-20 10:26:40 [restartedMain] DEBUG o.s.b.w.s.ServletContextInitializerBeans - Mapping filters: springSecurityFilterChain urls=[/*] order=-100, filterRegistrationBean urls=[/*] order=2147483647, characterEncodingFilter urls=[/*] order=-2147483648, formContentFilter urls=[/*] order=-9900, requestContextFilter urls=[/*] order=-105
2025-08-20 10:26:40 [restartedMain] DEBUG o.s.b.w.s.ServletContextInitializerBeans - Mapping servlets: dispatcherServlet urls=[/]
2025-08-20 10:26:41 [restartedMain] INFO  o.h.jpa.internal.util.LogHelper - HHH000204: Processing PersistenceUnitInfo [name: default]
2025-08-20 10:26:41 [restartedMain] INFO  org.hibernate.Version - HHH000412: Hibernate ORM core version 5.6.11.Final
2025-08-20 10:26:41 [restartedMain] INFO  o.h.annotations.common.Version - HCANN000001: Hibernate Commons Annotations {5.1.2.Final}
2025-08-20 10:26:42 [restartedMain] INFO  com.zaxxer.hikari.HikariDataSource - HikariPool-1 - Starting...
2025-08-20 10:27:00 [restartedMain] INFO  com.zaxxer.hikari.HikariDataSource - HikariPool-1 - Start completed.
2025-08-20 10:27:00 [restartedMain] INFO  org.hibernate.dialect.Dialect - HHH000400: Using dialect: org.hibernate.dialect.PostgreSQL10Dialect
2025-08-20 10:27:55 [restartedMain] INFO  o.h.e.t.j.p.i.JtaPlatformInitiator - HHH000490: Using JtaPlatform implementation: [org.hibernate.engine.transaction.jta.platform.internal.NoJtaPlatform]
2025-08-20 10:27:56 [restartedMain] INFO  o.s.o.j.LocalContainerEntityManagerFactoryBean - Initialized JPA EntityManagerFactory for persistence unit 'default'
2025-08-20 10:28:33 [restartedMain] INFO  o.s.s.web.DefaultSecurityFilterChain - Will secure any request with [org.springframework.security.web.session.DisableEncodeUrlFilter@762f1969, org.springframework.security.web.context.request.async.WebAsyncManagerIntegrationFilter@23723129, org.springframework.security.web.context.SecurityContextPersistenceFilter@303d7ac4, org.springframework.security.web.header.HeaderWriterFilter@679c9bb8, org.springframework.web.filter.CorsFilter@49308932, ru.lomov.flashbackend.config.JwtTokenValidator@6164ae0, org.springframework.security.web.savedrequest.RequestCacheAwareFilter@5ba50011, org.springframework.security.web.servletapi.SecurityContextHolderAwareRequestFilter@11d6ed58, org.springframework.security.web.authentication.AnonymousAuthenticationFilter@87cff1a, org.springframework.security.web.session.SessionManagementFilter@22c0ce51, org.springframework.security.web.access.ExceptionTranslationFilter@32facd01, org.springframework.security.web.access.intercept.AuthorizationFilter@cd50199]
2025-08-20 10:28:33 [restartedMain] WARN  o.s.b.a.o.j.JpaBaseConfiguration$JpaWebConfiguration - spring.jpa.open-in-view is enabled by default. Therefore, database queries may be performed during view rendering. Explicitly configure spring.jpa.open-in-view to disable this warning
2025-08-20 10:28:35 [restartedMain] DEBUG o.s.w.s.m.m.a.RequestMappingHandlerAdapter - ControllerAdvice beans: 0 @ModelAttribute, 0 @InitBinder, 1 RequestBodyAdvice, 1 ResponseBodyAdvice
2025-08-20 10:28:37 [restartedMain] TRACE o.s.w.s.m.m.a.RequestMappingHandlerMapping - 
	r.l.f.c.AuthController:
	{POST [/auth/signup]}: registerUser(AppUser)
	{POST [/auth/signIn]}: signIn(AppUser)
2025-08-20 10:28:37 [restartedMain] TRACE o.s.w.s.m.m.a.RequestMappingHandlerMapping - 
	r.l.f.c.CommentController:
	{GET [/api/comments/{id}]}: getComment(Long)
	{DELETE [/api/comments/{id}]}: deleteComment(Long)
	{GET [/api/comments]}: getComments()
	{POST [/api/comments/reply]}: createReply(CommentReplyRequest,String)
	{POST [/api/comments]}: createComment(Comment,String)
2025-08-20 10:28:37 [restartedMain] TRACE o.s.w.s.m.m.a.RequestMappingHandlerMapping - 
	r.l.f.c.HealthController:
	{GET [/api/health/status]}: getStatus()
	{GET [/api/health]}: getHealth()
2025-08-20 10:28:37 [restartedMain] TRACE o.s.w.s.m.m.a.RequestMappingHandlerMapping - 
	r.l.f.c.HomeController:
	{GET [/]}: greetingHandler()
2025-08-20 10:28:37 [restartedMain] TRACE o.s.w.s.m.m.a.RequestMappingHandlerMapping - 
	r.l.f.c.LikeController:
	{POST [/api/{postId}/like]}: likePost(Long,String)
	{POST [/api/post/{postId}]}: getAllLikes(Long,String)
2025-08-20 10:28:37 [restartedMain] TRACE o.s.w.s.m.m.a.RequestMappingHandlerMapping - 
	r.l.f.c.MediaFileController:
	{GET [/api/files/{fileId}]}: getFile(Long,Authentication)
	{POST [/api/files/upload]}: uploadFile(MultipartFile,Authentication)
	{GET [/api/files/url/{fileId}]}: getFileUrl(Long,Authentication)
	{GET [/api/files/user]}: getUserFiles(Authentication)
	{GET [/api/files/download/{fileId}]}: downloadFile(Long,Authentication)
	{DELETE [/api/files/{fileId}]}: deleteFile(Long,Authentication)
	{GET [/api/files/search]}: searchFiles(String,Authentication)
	{GET [/api/files/user/paged]}: getUserFilesPaged(Pageable,Authentication)
2025-08-20 10:28:37 [restartedMain] TRACE o.s.w.s.m.m.a.RequestMappingHandlerMapping - 
	r.l.f.c.PostController:
	{DELETE [/api/posts/{postId}]}: delete(Long,String)
	{PUT [/api/posts/{postId}/save]}: save(Long,String)
	{POST [/api/posts/reply]}: createReply(PostReplyRequest,String)
	{PUT [/api/posts/{postId}/repost]}: repost(Long,String)
	{POST [/api/posts]}: createPost(Post,String)
	{POST [/api/posts/upload]}: uploadImage(MultipartFile)
	{GET [/api/posts/{postId}]}: findPostByPostId(Long,String)
	{GET [/api/posts]}: findAllPosts(String)
	{GET [/api/posts/user/{userId}]}: findAllUsersPost(Long,String)
	{GET [/api/posts/user/{userId}/likes]}: findPostByLikesContainsUser(Long,String)
	{GET [/api/posts/user/{userId}/replies]}: findPostByRepliesContainsUser(Long,String)
	{GET [/api/posts/user/bookmarks]}: findPostByBookmarksContainsUser(String)
2025-08-20 10:28:37 [restartedMain] TRACE o.s.w.s.m.m.a.RequestMappingHandlerMapping - 
	r.l.f.c.RoleController:
	{DELETE [/api/roles/users/{userId}/roles/{roleId}]}: removeRoleFromUser(Long,Long)
	{DELETE [/api/roles/{id}]}: deleteRole(Long)
	{GET [/api/roles/{id}]}: getRoleById(Long)
	{POST [/api/roles/users/{userId}/roles]}: assignRoleToUser(Long,Role)
	{POST [/api/roles]}: createRole(Role)
	{GET [/api/roles]}: getAllRoles()
	{GET [/api/roles/users/{userId}/roles]}: getRolesByUserId(Long)
	{PUT [/api/roles/{id}]}: updateRole(Long,Role)
2025-08-20 10:28:37 [restartedMain] TRACE o.s.w.s.m.m.a.RequestMappingHandlerMapping - 
	r.l.f.c.ShareController:
	{POST [/api/{postId}/share]}: sharePost(Long,String)
	{GET [/api/{userId}/friends]}: getUserFriends(Long,String)
	{POST [/api/post/share/{postId}]}: getAllShares(Long,String)
	{POST [/api/{postId}/share-with-friends]}: sharePostWithFriends(Long,ShareWithFriendsDto,String)
2025-08-20 10:28:37 [restartedMain] TRACE o.s.w.s.m.m.a.RequestMappingHandlerMapping - 
	r.l.f.c.UserController:
	{PUT [/api/users]}: updateUser(AppUser,String)
	{DELETE [/api/users/{userId}]}: deleteUser(Long,String)
	{PUT [/api/users/{userId}/follow]}: followUser(Long,String)
	{PUT [/api/users/{userId}/unfollow]}: unfollowUser(Long,String)
	{GET [/api/users/{userId}]}: getUserById(Long,String)
	{GET [/api/users/profile]}: getUserProfile(String)
2025-08-20 10:28:37 [restartedMain] TRACE o.s.w.s.m.m.a.RequestMappingHandlerMapping - 
	o.s.b.a.w.s.e.BasicErrorController:
	{ [/error]}: error(HttpServletRequest)
	{ [/error], produces [text/html]}: errorHtml(HttpServletRequest,HttpServletResponse)
2025-08-20 10:28:37 [restartedMain] DEBUG o.s.w.s.m.m.a.RequestMappingHandlerMapping - 52 mappings in 'requestMappingHandlerMapping'
2025-08-20 10:28:37 [restartedMain] DEBUG o.s.w.s.h.BeanNameUrlHandlerMapping - Detected 0 mappings in 'beanNameHandlerMapping'
2025-08-20 10:28:38 [restartedMain] TRACE o.s.w.s.f.s.RouterFunctionMapping - 0 RouterFunction(s) in 'routerFunctionMapping'
2025-08-20 10:28:38 [restartedMain] TRACE o.s.w.s.h.SimpleUrlHandlerMapping - Mapped [/webjars/**] onto ResourceHttpRequestHandler [classpath [META-INF/resources/webjars/]]
2025-08-20 10:28:38 [restartedMain] TRACE o.s.w.s.h.SimpleUrlHandlerMapping - Mapped [/**] onto ResourceHttpRequestHandler [classpath [META-INF/resources/], classpath [resources/], classpath [static/], classpath [public/], ServletContext [/]]
2025-08-20 10:28:38 [restartedMain] DEBUG o.s.w.s.h.SimpleUrlHandlerMapping - Patterns [/webjars/**, /**] in 'resourceHandlerMapping'
2025-08-20 10:28:38 [restartedMain] DEBUG o.s.w.s.m.m.a.ExceptionHandlerExceptionResolver - ControllerAdvice beans: 1 @ExceptionHandler, 1 ResponseBodyAdvice
2025-08-20 10:28:46 [restartedMain] INFO  o.s.b.d.a.OptionalLiveReloadServer - LiveReload server is running on port 35729
2025-08-20 10:28:46 [restartedMain] INFO  o.s.b.w.e.tomcat.TomcatWebServer - Tomcat started on port(s): 8187 (http) with context path ''
2025-08-20 10:28:46 [restartedMain] INFO  r.l.f.FlashBackendApplication - Started FlashBackendApplication in 176.728 seconds (JVM running for 210.708)
2025-08-20 10:55:25 [http-nio-8187-exec-1] INFO  o.a.c.c.C.[Tomcat].[localhost].[/] - Initializing Spring DispatcherServlet 'dispatcherServlet'
2025-08-20 10:55:25 [http-nio-8187-exec-1] INFO  o.s.web.servlet.DispatcherServlet - Initializing Servlet 'dispatcherServlet'
2025-08-20 10:55:25 [http-nio-8187-exec-1] TRACE o.s.web.servlet.DispatcherServlet - Detected org.springframework.web.multipart.support.StandardServletMultipartResolver@44d1dbf5
2025-08-20 10:55:25 [http-nio-8187-exec-1] TRACE o.s.web.servlet.DispatcherServlet - Detected org.springframework.web.servlet.i18n.AcceptHeaderLocaleResolver@1c285e23
2025-08-20 10:55:25 [http-nio-8187-exec-1] TRACE o.s.web.servlet.DispatcherServlet - Detected org.springframework.web.servlet.theme.FixedThemeResolver@1e516927
2025-08-20 10:55:25 [http-nio-8187-exec-1] TRACE o.s.web.servlet.DispatcherServlet - Detected DefaultRequestToViewNameTranslator
2025-08-20 10:55:25 [http-nio-8187-exec-1] TRACE o.s.web.servlet.DispatcherServlet - Detected SessionFlashMapManager
2025-08-20 10:55:25 [http-nio-8187-exec-1] DEBUG o.s.web.servlet.DispatcherServlet - enableLoggingRequestDetails='false': request parameters and headers will be masked to prevent unsafe logging of potentially sensitive data
2025-08-20 10:55:25 [http-nio-8187-exec-1] INFO  o.s.web.servlet.DispatcherServlet - Completed initialization in 3 ms
2025-08-20 10:55:26 [http-nio-8187-exec-2] TRACE o.s.web.servlet.DispatcherServlet - POST "/auth/signIn", parameters={}, headers={masked} in DispatcherServlet 'dispatcherServlet'
2025-08-20 10:55:26 [http-nio-8187-exec-2] TRACE o.s.w.s.m.m.a.RequestMappingHandlerMapping - Mapped to ru.lomov.flashbackend.controllers.AuthController#signIn(AppUser)
2025-08-20 10:55:26 [http-nio-8187-exec-2] TRACE o.s.w.s.m.m.a.RequestResponseBodyMethodProcessor - Read "application/json;charset=UTF-8" to [ru.lomov.flashbackend.entities.AppUser@13364e8d]
2025-08-20 10:55:26 [http-nio-8187-exec-2] TRACE o.s.web.method.HandlerMethod - Arguments: [ru.lomov.flashbackend.entities.AppUser@13364e8d]
2025-08-20 10:55:26 [http-nio-8187-exec-2] INFO  r.l.f.aspect.logging.LoggingAspect - [CONTROLLER-REQUEST] RequestId: bd7f5291-6310-46bc-b1aa-a76ce61c8301, HTTP-Method: POST, URL: /auth/signIn, Controller: ru.lomov.flashbackend.controllers.AuthController.signIn(), Args: [ru.lomov.flashbackend.entities.AppUser@13364e8d]
2025-08-20 10:55:26 [http-nio-8187-exec-2] INFO  SECURITY - [ACCESS-ATTEMPT] User: anonymousUser, Method: AuthController.signIn, IP: 0:0:0:0:0:0:0:1, User-Agent: Mozilla/5.0 (Windows NT 10.0; Win64; x64) AppleWebKit/537.36 (KHTML, like Gecko) Chrome/139.0.0.0 Safari/537.36
2025-08-20 10:55:26 [http-nio-8187-exec-2] DEBUG r.l.f.aspect.logging.LoggingAspect - [REPOSITORY-QUERY] RequestId: bd7f5291-6310-46bc-b1aa-a76ce61c8301, Repository: ru.lomov.flashbackend.repositories.UserRepository.findAppUserByEmail(), Args: [zivert@cai.mail.com]
2025-08-20 10:55:29 [http-nio-8187-exec-2] WARN  PERFORMANCE - [SLOW-REPOSITORY] Method: findAppUserByEmail, Time: 3228ms, Class: $Proxy145
2025-08-20 10:55:29 [http-nio-8187-exec-2] DEBUG r.l.f.aspect.logging.LoggingAspect - [REPOSITORY-RESULT] RequestId: bd7f5291-6310-46bc-b1aa-a76ce61c8301, Repository: ru.lomov.flashbackend.repositories.UserRepository.findAppUserByEmail(), Time: 3230ms, ResultCount: 1
2025-08-20 10:55:29 [http-nio-8187-exec-2] INFO  r.l.f.aspect.logging.LoggingAspect - [SERVICE-ENTRY] RequestId: bd7f5291-6310-46bc-b1aa-a76ce61c8301, Method: ru.lomov.flashbackend.services.CustomUserDetailsServiceImplementation.loadUserByUsername(), Args: [zivert@cai.mail.com]
2025-08-20 10:55:29 [http-nio-8187-exec-2] DEBUG r.l.f.aspect.logging.LoggingAspect - [REPOSITORY-QUERY] RequestId: bd7f5291-6310-46bc-b1aa-a76ce61c8301, Repository: ru.lomov.flashbackend.repositories.UserRepository.findAppUserByEmail(), Args: [zivert@cai.mail.com]
2025-08-20 10:55:29 [http-nio-8187-exec-2] DEBUG r.l.f.aspect.logging.LoggingAspect - [REPOSITORY-RESULT] RequestId: bd7f5291-6310-46bc-b1aa-a76ce61c8301, Repository: ru.lomov.flashbackend.repositories.UserRepository.findAppUserByEmail(), Time: 2ms, ResultCount: 1
2025-08-20 10:55:29 [http-nio-8187-exec-2] INFO  r.l.f.aspect.logging.LoggingAspect - [SERVICE-EXIT] RequestId: bd7f5291-6310-46bc-b1aa-a76ce61c8301, Method: ru.lomov.flashbackend.services.CustomUserDetailsServiceImplementation.loadUserByUsername(), Result: org.springframework.security.core.userdetails.User [Username=zivert@cai.mail.com, Password=[PROTECTED], Enabled=true, AccountNonExpired=true, credentialsNonExpired=true, AccountNonLocked=true, Granted Authorities=[]]
2025-08-20 10:55:29 [http-nio-8187-exec-2] INFO  r.l.f.aspect.logging.LoggingAspect - [SERVICE-ENTRY] RequestId: bd7f5291-6310-46bc-b1aa-a76ce61c8301, Method: ru.lomov.flashbackend.config.JwtProvider.generateToken(), Args: [UsernamePasswordAuthenticationToken [Principal=org.springframework.security.core.userdetails.User [Username=zivert@cai.mail.com, Password=[PROTECTED], Enabled=true, AccountNonExpired=true, credentialsNonExpired=true, AccountNonLocked=true, Granted Authorities=[]], Credentials=[PROTECTED], Authenticated=true, Details=null, Granted Authorities=[]]]
2025-08-20 10:55:33 [http-nio-8187-exec-2] WARN  PERFORMANCE - [SLOW-SERVICE] Method: generateToken, Time: 3392ms, Class: JwtProvider
2025-08-20 10:55:33 [http-nio-8187-exec-2] INFO  r.l.f.aspect.logging.LoggingAspect - [SERVICE-EXIT] RequestId: bd7f5291-6310-46bc-b1aa-a76ce61c8301, Method: ru.lomov.flashbackend.config.JwtProvider.generateToken(), Result: eyJhbGciOiJIUzUxMiJ9.eyJpYXQiOjE3NTU2NTEzMzIsImV4cCI6MTc1NTczNzczMiwiZW1haWwiOiJ6aXZlcnRAY2FpLm1haWwuY29tIn0.3COrGp99Jo4ILGWCcjzUSUjektSC6uW_tS85FNWHuudgyGzdEkj9aEBws3BQTeqY5ebdC4EMEydgGpcx4SivzA
2025-08-20 10:55:33 [http-nio-8187-exec-2] INFO  r.l.f.controllers.AuthController - User signed in successfully: zivert@cai.mail.com
2025-08-20 10:55:33 [http-nio-8187-exec-2] WARN  PERFORMANCE - [SLOW-CONTROLLER] Method: signIn, Time: 6900ms, Class: AuthController
2025-08-20 10:55:33 [http-nio-8187-exec-2] INFO  r.l.f.aspect.logging.LoggingAspect - [CONTROLLER-RESPONSE] RequestId: bd7f5291-6310-46bc-b1aa-a76ce61c8301, Controller: ru.lomov.flashbackend.controllers.AuthController.signIn(), Status: SUCCESS, Time: 6901ms
2025-08-20 10:55:33 [http-nio-8187-exec-2] DEBUG o.s.w.s.m.m.a.RequestResponseBodyMethodProcessor - Using 'application/json', given [application/json, text/plain, */*] and supported [application/json, application/*+json, application/json, application/*+json, application/cbor]
2025-08-20 10:55:33 [http-nio-8187-exec-2] TRACE o.s.w.s.m.m.a.RequestResponseBodyMethodProcessor - Writing [ru.lomov.flashbackend.responses.AuthResponse@7868d43b]
2025-08-20 10:55:34 [http-nio-8187-exec-2] TRACE o.s.web.servlet.DispatcherServlet - No view rendering, null ModelAndView returned.
2025-08-20 10:55:34 [http-nio-8187-exec-2] DEBUG o.s.web.servlet.DispatcherServlet - Completed 200 OK, headers={masked}
2025-08-20 10:55:34 [http-nio-8187-exec-5] TRACE o.s.web.servlet.DispatcherServlet - GET "/api/users/profile", parameters={}, headers={masked} in DispatcherServlet 'dispatcherServlet'
2025-08-20 10:55:34 [http-nio-8187-exec-5] TRACE o.s.w.s.m.m.a.RequestMappingHandlerMapping - Mapped to ru.lomov.flashbackend.controllers.UserController#getUserProfile(String)
2025-08-20 10:55:35 [http-nio-8187-exec-5] TRACE o.s.web.method.HandlerMethod - Arguments: [Bearer eyJhbGciOiJIUzUxMiJ9.eyJpYXQiOjE3NTU2NTEzMzIsImV4cCI6MTc1NTczNzczMiwiZW1haWwiOiJ6aXZlcnRAY2FpLm1haWwuY29tIn0.3COrGp99Jo4ILGWCcjzUSUjektSC6uW_tS85FNWHuudgyGzdEkj9aEBws3BQTeqY5ebdC4EMEydgGpcx4SivzA]
2025-08-20 10:55:35 [http-nio-8187-exec-5] INFO  r.l.f.aspect.logging.LoggingAspect - [CONTROLLER-REQUEST] RequestId: 4d337d75-88ef-4b87-8dc3-e414bc11ed7b, HTTP-Method: GET, URL: /api/users/profile, Controller: ru.lomov.flashbackend.controllers.UserController.getUserProfile(), Args: [Bearer eyJhbGciOiJIUzUxMiJ9.eyJpYXQiOjE3NTU2NTEzMzIsImV4cCI6MTc1NTczNzczMiwiZW1haWwiOiJ6aXZlcnRAY2FpLm1haWwuY29tIn0.3COrGp99Jo4ILGWCcjzUSUjektSC6uW_tS85FNWHuudgyGzdEkj9aEBws3BQTeqY5ebdC4EMEydgGpcx4SivzA]
2025-08-20 10:55:35 [http-nio-8187-exec-5] INFO  SECURITY - [ACCESS-ATTEMPT] User: zivert@cai.mail.com, Method: UserController.getUserProfile, IP: 0:0:0:0:0:0:0:1, User-Agent: Mozilla/5.0 (Windows NT 10.0; Win64; x64) AppleWebKit/537.36 (KHTML, like Gecko) Chrome/139.0.0.0 Safari/537.36
2025-08-20 10:55:35 [http-nio-8187-exec-5] INFO  r.l.f.aspect.logging.LoggingAspect - [SERVICE-ENTRY] RequestId: 4d337d75-88ef-4b87-8dc3-e414bc11ed7b, Method: ru.lomov.flashbackend.services.UserServiceImpl.findUserProfileByJwt(), Args: [Bearer eyJhbGciOiJIUzUxMiJ9.eyJpYXQiOjE3NTU2NTEzMzIsImV4cCI6MTc1NTczNzczMiwiZW1haWwiOiJ6aXZlcnRAY2FpLm1haWwuY29tIn0.3COrGp99Jo4ILGWCcjzUSUjektSC6uW_tS85FNWHuudgyGzdEkj9aEBws3BQTeqY5ebdC4EMEydgGpcx4SivzA]
2025-08-20 10:55:35 [http-nio-8187-exec-5] INFO  r.l.f.aspect.logging.LoggingAspect - [SERVICE-ENTRY] RequestId: 4d337d75-88ef-4b87-8dc3-e414bc11ed7b, Method: ru.lomov.flashbackend.config.JwtProvider.getEmailFromToken(), Args: [Bearer eyJhbGciOiJIUzUxMiJ9.eyJpYXQiOjE3NTU2NTEzMzIsImV4cCI6MTc1NTczNzczMiwiZW1haWwiOiJ6aXZlcnRAY2FpLm1haWwuY29tIn0.3COrGp99Jo4ILGWCcjzUSUjektSC6uW_tS85FNWHuudgyGzdEkj9aEBws3BQTeqY5ebdC4EMEydgGpcx4SivzA]
2025-08-20 10:55:35 [http-nio-8187-exec-5] INFO  r.l.f.aspect.logging.LoggingAspect - [SERVICE-EXIT] RequestId: 4d337d75-88ef-4b87-8dc3-e414bc11ed7b, Method: ru.lomov.flashbackend.config.JwtProvider.getEmailFromToken(), Result: zivert@cai.mail.com
2025-08-20 10:55:35 [http-nio-8187-exec-5] DEBUG r.l.f.aspect.logging.LoggingAspect - [REPOSITORY-QUERY] RequestId: 4d337d75-88ef-4b87-8dc3-e414bc11ed7b, Repository: ru.lomov.flashbackend.repositories.UserRepository.findAppUserByEmail(), Args: [zivert@cai.mail.com]
2025-08-20 10:55:35 [http-nio-8187-exec-5] DEBUG r.l.f.aspect.logging.LoggingAspect - [REPOSITORY-RESULT] RequestId: 4d337d75-88ef-4b87-8dc3-e414bc11ed7b, Repository: ru.lomov.flashbackend.repositories.UserRepository.findAppUserByEmail(), Time: 5ms, ResultCount: 1
2025-08-20 10:55:35 [http-nio-8187-exec-5] INFO  r.l.f.aspect.logging.LoggingAspect - [SERVICE-EXIT] RequestId: 4d337d75-88ef-4b87-8dc3-e414bc11ed7b, Method: ru.lomov.flashbackend.services.UserServiceImpl.findUserProfileByJwt(), Result: ru.lomov.flashbackend.entities.AppUser@5133e93a
2025-08-20 10:55:35 [http-nio-8187-exec-5] INFO  r.l.f.controllers.UserController - User profile retrieved: zivert@cai.mail.com
2025-08-20 10:55:35 [http-nio-8187-exec-5] INFO  PERFORMANCE - [MEDIUM-CONTROLLER] Method: getUserProfile, Time: 363ms, Class: UserController
2025-08-20 10:55:35 [http-nio-8187-exec-5] INFO  r.l.f.aspect.logging.LoggingAspect - [CONTROLLER-RESPONSE] RequestId: 4d337d75-88ef-4b87-8dc3-e414bc11ed7b, Controller: ru.lomov.flashbackend.controllers.UserController.getUserProfile(), Status: SUCCESS, Time: 364ms
2025-08-20 10:55:35 [http-nio-8187-exec-5] DEBUG o.s.w.s.m.m.a.RequestResponseBodyMethodProcessor - Using 'application/json', given [application/json, text/plain, */*] and supported [application/json, application/*+json, application/json, application/*+json, application/cbor]
2025-08-20 10:55:35 [http-nio-8187-exec-5] TRACE o.s.w.s.m.m.a.RequestResponseBodyMethodProcessor - Writing [UserDto(id=110, firstName=Иван , lastName=Афиногенов, fullName=Афиногенов Иван , email=zivert@cai.mail.com, password=null, location=null, statement=null, website=null, birthDate=null, phoneNumber=null, profilePictureUrl=null, coverPictureUrl=null, image=null, backgroundImage=null, bio=null, gender=null, language=null, city=null, country=null, timezone=null, address=null, postalCode=null, interests=null, skills=null, education=null, occupation=null, company=null, websiteCompanyYoutube=null, websiteCompanyVk=null, websiteCompanyOk=null, websiteCompanyTelegram=null, req_user=true, followed=false, isVerified=false, login_via_google=false, login_via_vk=false, followers=[], following=[])]
2025-08-20 10:55:35 [http-nio-8187-exec-5] TRACE o.s.web.servlet.DispatcherServlet - No view rendering, null ModelAndView returned.
2025-08-20 10:55:35 [http-nio-8187-exec-5] DEBUG o.s.web.servlet.DispatcherServlet - Completed 200 OK, headers={masked}
2025-08-20 10:55:36 [http-nio-8187-exec-4] TRACE o.s.web.servlet.DispatcherServlet - GET "/api/posts", parameters={}, headers={masked} in DispatcherServlet 'dispatcherServlet'
2025-08-20 10:55:36 [http-nio-8187-exec-4] TRACE o.s.w.s.m.m.a.RequestMappingHandlerMapping - Mapped to ru.lomov.flashbackend.controllers.PostController#findAllPosts(String)
2025-08-20 10:55:36 [http-nio-8187-exec-4] TRACE o.s.web.method.HandlerMethod - Arguments: [Bearer eyJhbGciOiJIUzUxMiJ9.eyJpYXQiOjE3NTU2MDA4MzgsImV4cCI6MTc1NTY4NzIzOCwiZW1haWwiOiJ6aXZlcnRAY2FpLm1haWwuY29tIn0.Yepye-6wkzj1e2JfQvjeuQ-rOx-8JcVh_siW5pKK547xT8nbZTMl3BPYe_4-I4zjiJt60I1IGPcCayP4uyv46A]
2025-08-20 10:55:36 [http-nio-8187-exec-4] INFO  r.l.f.aspect.logging.LoggingAspect - [CONTROLLER-REQUEST] RequestId: 566eb512-d95c-4b89-ba26-d8c8065fd1c8, HTTP-Method: GET, URL: /api/posts, Controller: ru.lomov.flashbackend.controllers.PostController.findAllPosts(), Args: [Bearer eyJhbGciOiJIUzUxMiJ9.eyJpYXQiOjE3NTU2MDA4MzgsImV4cCI6MTc1NTY4NzIzOCwiZW1haWwiOiJ6aXZlcnRAY2FpLm1haWwuY29tIn0.Yepye-6wkzj1e2JfQvjeuQ-rOx-8JcVh_siW5pKK547xT8nbZTMl3BPYe_4-I4zjiJt60I1IGPcCayP4uyv46A]
2025-08-20 10:55:36 [http-nio-8187-exec-4] INFO  SECURITY - [ACCESS-ATTEMPT] User: zivert@cai.mail.com, Method: PostController.findAllPosts, IP: 0:0:0:0:0:0:0:1, User-Agent: Mozilla/5.0 (Windows NT 10.0; Win64; x64) AppleWebKit/537.36 (KHTML, like Gecko) Chrome/139.0.0.0 Safari/537.36
2025-08-20 10:55:36 [http-nio-8187-exec-4] INFO  r.l.f.aspect.logging.LoggingAspect - [SERVICE-ENTRY] RequestId: 566eb512-d95c-4b89-ba26-d8c8065fd1c8, Method: ru.lomov.flashbackend.services.UserServiceImpl.findUserProfileByJwt(), Args: [Bearer eyJhbGciOiJIUzUxMiJ9.eyJpYXQiOjE3NTU2MDA4MzgsImV4cCI6MTc1NTY4NzIzOCwiZW1haWwiOiJ6aXZlcnRAY2FpLm1haWwuY29tIn0.Yepye-6wkzj1e2JfQvjeuQ-rOx-8JcVh_siW5pKK547xT8nbZTMl3BPYe_4-I4zjiJt60I1IGPcCayP4uyv46A]
2025-08-20 10:55:36 [http-nio-8187-exec-4] INFO  r.l.f.aspect.logging.LoggingAspect - [SERVICE-ENTRY] RequestId: 566eb512-d95c-4b89-ba26-d8c8065fd1c8, Method: ru.lomov.flashbackend.config.JwtProvider.getEmailFromToken(), Args: [Bearer eyJhbGciOiJIUzUxMiJ9.eyJpYXQiOjE3NTU2MDA4MzgsImV4cCI6MTc1NTY4NzIzOCwiZW1haWwiOiJ6aXZlcnRAY2FpLm1haWwuY29tIn0.Yepye-6wkzj1e2JfQvjeuQ-rOx-8JcVh_siW5pKK547xT8nbZTMl3BPYe_4-I4zjiJt60I1IGPcCayP4uyv46A]
2025-08-20 10:55:36 [http-nio-8187-exec-4] INFO  r.l.f.aspect.logging.LoggingAspect - [SERVICE-EXIT] RequestId: 566eb512-d95c-4b89-ba26-d8c8065fd1c8, Method: ru.lomov.flashbackend.config.JwtProvider.getEmailFromToken(), Result: zivert@cai.mail.com
2025-08-20 10:55:36 [http-nio-8187-exec-4] DEBUG r.l.f.aspect.logging.LoggingAspect - [REPOSITORY-QUERY] RequestId: 566eb512-d95c-4b89-ba26-d8c8065fd1c8, Repository: ru.lomov.flashbackend.repositories.UserRepository.findAppUserByEmail(), Args: [zivert@cai.mail.com]
2025-08-20 10:55:36 [http-nio-8187-exec-4] DEBUG r.l.f.aspect.logging.LoggingAspect - [REPOSITORY-RESULT] RequestId: 566eb512-d95c-4b89-ba26-d8c8065fd1c8, Repository: ru.lomov.flashbackend.repositories.UserRepository.findAppUserByEmail(), Time: 5ms, ResultCount: 1
2025-08-20 10:55:36 [http-nio-8187-exec-4] INFO  r.l.f.aspect.logging.LoggingAspect - [SERVICE-EXIT] RequestId: 566eb512-d95c-4b89-ba26-d8c8065fd1c8, Method: ru.lomov.flashbackend.services.UserServiceImpl.findUserProfileByJwt(), Result: ru.lomov.flashbackend.entities.AppUser@75fe7ab6
2025-08-20 10:55:36 [http-nio-8187-exec-4] INFO  r.l.f.aspect.logging.LoggingAspect - [SERVICE-ENTRY] RequestId: 566eb512-d95c-4b89-ba26-d8c8065fd1c8, Method: ru.lomov.flashbackend.services.PostServiceImpl.findAllPosts(), Args: []
2025-08-20 10:55:36 [http-nio-8187-exec-4] DEBUG r.l.f.aspect.logging.LoggingAspect - [REPOSITORY-QUERY] RequestId: 566eb512-d95c-4b89-ba26-d8c8065fd1c8, Repository: ru.lomov.flashbackend.repositories.PostRepository.findAllByIsPostTrueOrderByCreatedAtAsc(), Args: []
2025-08-20 10:55:36 [http-nio-8187-exec-4] INFO  PERFORMANCE - [MEDIUM-REPOSITORY] Method: findAllByIsPostTrueOrderByCreatedAtAsc, Time: 347ms, Class: $Proxy152
2025-08-20 10:55:36 [http-nio-8187-exec-4] DEBUG r.l.f.aspect.logging.LoggingAspect - [REPOSITORY-RESULT] RequestId: 566eb512-d95c-4b89-ba26-d8c8065fd1c8, Repository: ru.lomov.flashbackend.repositories.PostRepository.findAllByIsPostTrueOrderByCreatedAtAsc(), Time: 348ms, ResultCount: 9
2025-08-20 10:55:36 [http-nio-8187-exec-4] INFO  PERFORMANCE - [MEDIUM-SERVICE] Method: findAllPosts, Time: 435ms, Class: PostServiceImpl
2025-08-20 10:55:36 [http-nio-8187-exec-4] INFO  r.l.f.aspect.logging.LoggingAspect - [SERVICE-EXIT] RequestId: 566eb512-d95c-4b89-ba26-d8c8065fd1c8, Method: ru.lomov.flashbackend.services.PostServiceImpl.findAllPosts(), Result: [ru.lomov.flashbackend.entities.Post@1742be39, ru.lomov.flashbackend.entities.Post@6e0323d, ru.lomov.flashbackend.entities.Post@1663c6fe, ru.lomov.flashbackend.entities.Post@27280497, ru.lomov.flashbackend.entities.Post@2519d53d, ru.lomov.flashbackend.entities.Post@22ef7a79, ru.lomov.flashbackend.entities.Post@2a330cec, ru.lomov.flashbackend.entities.Post@4dd8b981, ru.lomov.flashbackend.entities.Post@26832d3a]
2025-08-20 10:55:38 [http-nio-8187-exec-4] WARN  PERFORMANCE - [SLOW-CONTROLLER] Method: findAllPosts, Time: 2273ms, Class: PostController
2025-08-20 10:55:38 [http-nio-8187-exec-4] INFO  r.l.f.aspect.logging.LoggingAspect - [CONTROLLER-RESPONSE] RequestId: 566eb512-d95c-4b89-ba26-d8c8065fd1c8, Controller: ru.lomov.flashbackend.controllers.PostController.findAllPosts(), Status: SUCCESS, Time: 2274ms
2025-08-20 10:55:38 [http-nio-8187-exec-4] DEBUG o.s.w.s.m.m.a.RequestResponseBodyMethodProcessor - Using 'application/json', given [application/json, text/plain, */*] and supported [application/json, application/*+json, application/json, application/*+json, application/cbor]
2025-08-20 10:55:38 [http-nio-8187-exec-4] TRACE o.s.w.s.m.m.a.RequestResponseBodyMethodProcessor - Writing [[PostDto(id=111, content=hkjslkdjflskdjflsdkjflsklf, image=, video=, audio=null, createdAt=2024-07-06T14:47:13.861142, modifiedAt=null, user=UserDto(id=110, firstName=Иван , lastName=Афиногенов, fullName=Афиногенов Иван , email=zivert@cai.mail.com, password=null, location=null, statement=null, website=null, birthDate=null, phoneNumber=null, profilePictureUrl=null, coverPictureUrl=null, image=null, backgroundImage=null, bio=null, gender=null, language=null, city=null, country=null, timezone=null, address=null, postalCode=null, interests=null, skills=null, education=null, occupation=null, company=null, websiteCompanyYoutube=null, websiteCompanyVk=null, websiteCompanyOk=null, websiteCompanyTelegram=null, req_user=false, followed=false, isVerified=false, login_via_google=false, login_via_vk=false, followers=[], following=[]), totalLikes=1, totalReplies=0, totalReposts=0, totalShares=0, isLiked=true, isReposted=false, isBookmarked=true, bookmarkCount=3, repostUsersId=[], replyPost=null), PostDto(id=116, content=ывоалврпщшгщшегукщлтмв, image=, video=, audio=null, createdAt=2024-07-22T15:07:44.562731, modifiedAt=null, user=UserDto(id=110, firstName=Иван , lastName=Афиногенов, fullName=Афиногенов Иван , email=zivert@cai.mail.com, password=null, location=null, statement=null, website=null, birthDate=null, phoneNumber=null, profilePictureUrl=null, coverPictureUrl=null, image=null, backgroundImage=null, bio=null, gender=null, language=null, city=null, country=null, timezone=null, address=null, postalCode=null, interests=null, skills=null, education=null, occupation=null, company=null, websiteCompanyYoutube=null, websiteCompanyVk=null, websiteCompanyOk=null, websiteCompanyTelegram=null, req_user=false, followed=false, isVerified=false, login_via_google=false, login_via_vk=false, followers=[], following=[]), totalLikes=1, totalReplies=0, totalReposts=0, totalShares=0, isLiked=true, isReposted=false, isBookmarked=true, bookmarkCount=3, repostUsersId=[], replyPost=null), PostDto(id=117, content=dkvlfdjdropogrgjjoi, image=, video=, audio=null, createdAt=2024-07-26T15:41:53.294128, modifiedAt=null, user=UserDto(id=110, firstName=Иван , lastName=Афиногенов, fullName=Афиногенов Иван , email=zivert@cai.mail.com, password=null, location=null, statement=null, website=null, birthDate=null, phoneNumber=null, profilePictureUrl=null, coverPictureUrl=null, image=null, backgroundImage=null, bio=null, gender=null, language=null, city=null, country=null, timezone=null, address=null, postalCode=null, interests=null, skills=null, education=null, occupation=null, company=null, websiteCompanyYoutube=null, websiteCompanyVk=null, websiteCompanyOk=null, websiteCompanyTelegram=null, req_user=false, followed=false, isVerified=false, login_via_google=false, login_via_vk=false, followers=[], following=[]), totalLikes=0, totalReplies=0, totalReposts=0, totalShares=0, isLiked=false, isReposted=false, isBookmarked=true, bookmarkCount=3, repostUsersId=[], replyPost=null), PostDto(id=118, content=lgl l l llg lgl llg lgl , image=, video=, audio=null, createdAt=2024-07-27T22:30:10.650353, modifiedAt=null, user=UserDto(id=110, firstName=Иван , lastName=Афиногенов, fullName=Афиногенов Иван , email=zivert@cai.mail.com, password=null, location=null, statement=null, website=null, birthDate=null, phoneNumber=null, profilePictureUrl=null, coverPictureUrl=null, image=null, backgroundImage=null, bio=null, gender=null, language=null, city=null, country=null, timezone=null, address=null, postalCode=null, interests=null, skills=null, education=null, occupation=null, company=null, websiteCompanyYoutube=null, websiteCompanyVk=null, websiteCompanyOk=null, websiteCompanyTelegram=null, req_user=false, followed=false, isVerified=false, login_via_google=false, login_via_vk=false, followers=[], following=[]), totalLikes=0, totalReplies=0, totalReposts=0, totalShares=0, isLiked=false, isReposted=false, isBookmarked=false, bookmarkCount=3, repostUsersId=[], replyPost=null), PostDto(id=123, content=vxcmnv,nxcv,, image=, video=, audio=null, createdAt=2025-02-13T12:32:26.527722, modifiedAt=null, user=UserDto(id=110, firstName=Иван , lastName=Афиногенов, fullName=Афиногенов Иван , email=zivert@cai.mail.com, password=null, location=null, statement=null, website=null, birthDate=null, phoneNumber=null, profilePictureUrl=null, coverPictureUrl=null, image=null, backgroundImage=null, bio=null, gender=null, language=null, city=null, country=null, timezone=null, address=null, postalCode=null, interests=null, skills=null, education=null, occupation=null, company=null, websiteCompanyYoutube=null, websiteCompanyVk=null, websiteCompanyOk=null, websiteCompanyTelegram=null, req_user=false, followed=false, isVerified=false, login_via_google=false, login_via_vk=false, followers=[], following=[]), totalLikes=0, totalReplies=0, totalReposts=0, totalShares=0, isLiked=false, isReposted=false, isBookmarked=false, bookmarkCount=3, repostUsersId=[], replyPost=null), PostDto(id=124, content=обложка, image=, video=, audio=null, createdAt=2025-04-01T15:09:22.539372, modifiedAt=null, user=UserDto(id=110, firstName=Иван , lastName=Афиногенов, fullName=Афиногенов Иван , email=zivert@cai.mail.com, password=null, location=null, statement=null, website=null, birthDate=null, phoneNumber=null, profilePictureUrl=null, coverPictureUrl=null, image=null, backgroundImage=null, bio=null, gender=null, language=null, city=null, country=null, timezone=null, address=null, postalCode=null, interests=null, skills=null, education=null, occupation=null, company=null, websiteCompanyYoutube=null, websiteCompanyVk=null, websiteCompanyOk=null, websiteCompanyTelegram=null, req_user=false, followed=false, isVerified=false, login_via_google=false, login_via_vk=false, followers=[], following=[]), totalLikes=0, totalReplies=0, totalReposts=0, totalShares=0, isLiked=false, isReposted=false, isBookmarked=false, bookmarkCount=3, repostUsersId=[], replyPost=null), PostDto(id=125, content=yjh, image=, video=, audio=null, createdAt=2025-04-01T15:52:02.053212, modifiedAt=null, user=UserDto(id=110, firstName=Иван , lastName=Афиногенов, fullName=Афиногенов Иван , email=zivert@cai.mail.com, password=null, location=null, statement=null, website=null, birthDate=null, phoneNumber=null, profilePictureUrl=null, coverPictureUrl=null, image=null, backgroundImage=null, bio=null, gender=null, language=null, city=null, country=null, timezone=null, address=null, postalCode=null, interests=null, skills=null, education=null, occupation=null, company=null, websiteCompanyYoutube=null, websiteCompanyVk=null, websiteCompanyOk=null, websiteCompanyTelegram=null, req_user=false, followed=false, isVerified=false, login_via_google=false, login_via_vk=false, followers=[], following=[]), totalLikes=0, totalReplies=0, totalReposts=0, totalShares=0, isLiked=false, isReposted=false, isBookmarked=false, bookmarkCount=3, repostUsersId=[], replyPost=null), PostDto(id=126, content=fv, image=, video=, audio=null, createdAt=2025-04-01T15:52:58.660847, modifiedAt=null, user=UserDto(id=110, firstName=Иван , lastName=Афиногенов, fullName=Афиногенов Иван , email=zivert@cai.mail.com, password=null, location=null, statement=null, website=null, birthDate=null, phoneNumber=null, profilePictureUrl=null, coverPictureUrl=null, image=null, backgroundImage=null, bio=null, gender=null, language=null, city=null, country=null, timezone=null, address=null, postalCode=null, interests=null, skills=null, education=null, occupation=null, company=null, websiteCompanyYoutube=null, websiteCompanyVk=null, websiteCompanyOk=null, websiteCompanyTelegram=null, req_user=false, followed=false, isVerified=false, login_via_google=false, login_via_vk=false, followers=[], following=[]), totalLikes=0, totalReplies=0, totalReposts=0, totalShares=0, isLiked=false, isReposted=false, isBookmarked=false, bookmarkCount=3, repostUsersId=[], replyPost=null), PostDto(id=128, content=yuyiuyiy, image=, video=, audio=null, createdAt=2025-08-19T20:56:04.200513, modifiedAt=null, user=UserDto(id=110, firstName=Иван , lastName=Афиногенов, fullName=Афиногенов Иван , email=zivert@cai.mail.com, password=null, location=null, statement=null, website=null, birthDate=null, phoneNumber=null, profilePictureUrl=null, coverPictureUrl=null, image=null, backgroundImage=null, bio=null, gender=null, language=null, city=null, country=null, timezone=null, address=null, postalCode=null, interests=null, skills=null, education=null, occupation=null, company=null, websiteCompanyYoutube=null, websiteCompanyVk=null, websiteCompanyOk=null, websiteCompanyTelegram=null, req_user=false, followed=false, isVerified=false, login_via_google=false, login_via_vk=false, followers=[], following=[]), totalLikes=0, totalReplies=0, totalReposts=0, totalShares=0, isLiked=false, isReposted=false, isBookmarked=false, bookmarkCount=3, repostUsersId=[], replyPost=null)]]
2025-08-20 10:55:38 [http-nio-8187-exec-4] TRACE o.s.web.servlet.DispatcherServlet - No view rendering, null ModelAndView returned.
2025-08-20 10:55:38 [http-nio-8187-exec-4] DEBUG o.s.web.servlet.DispatcherServlet - Completed 200 OK, headers={masked}
2025-08-20 11:02:36 [http-nio-8187-exec-7] TRACE o.s.web.servlet.DispatcherServlet - POST "/api/posts", parameters={}, headers={masked} in DispatcherServlet 'dispatcherServlet'
2025-08-20 11:02:36 [http-nio-8187-exec-7] TRACE o.s.w.s.m.m.a.RequestMappingHandlerMapping - Mapped to ru.lomov.flashbackend.controllers.PostController#createPost(Post, String)
2025-08-20 11:02:36 [http-nio-8187-exec-7] TRACE o.s.w.s.m.m.a.RequestResponseBodyMethodProcessor - Read "application/json;charset=UTF-8" to [ru.lomov.flashbackend.entities.Post@70abf625]
2025-08-20 11:02:36 [http-nio-8187-exec-7] TRACE o.s.web.method.HandlerMethod - Arguments: [ru.lomov.flashbackend.entities.Post@70abf625, Bearer eyJhbGciOiJIUzUxMiJ9.eyJpYXQiOjE3NTU2MDA4MzgsImV4cCI6MTc1NTY4NzIzOCwiZW1haWwiOiJ6aXZlcnRAY2FpLm1haWwuY29tIn0.Yepye-6wkzj1e2JfQvjeuQ-rOx-8JcVh_siW5pKK547xT8nbZTMl3BPYe_4-I4zjiJt60I1IGPcCayP4uyv46A]
2025-08-20 11:02:36 [http-nio-8187-exec-7] INFO  r.l.f.aspect.logging.LoggingAspect - [CONTROLLER-REQUEST] RequestId: ae6f43da-244a-449b-a61f-53f1dade0b6b, HTTP-Method: POST, URL: /api/posts, Controller: ru.lomov.flashbackend.controllers.PostController.createPost(), Args: [ru.lomov.flashbackend.entities.Post@70abf625, Bearer eyJhbGciOiJIUzUxMiJ9.eyJpYXQiOjE3NTU2MDA4MzgsImV4cCI6MTc1NTY4NzIzOCwiZW1haWwiOiJ6aXZlcnRAY2FpLm1haWwuY29tIn0.Yepye-6wkzj1e2JfQvjeuQ-rOx-8JcVh_siW5pKK547xT8nbZTMl3BPYe_4-I4zjiJt60I1IGPcCayP4uyv46A]
2025-08-20 11:02:36 [http-nio-8187-exec-7] INFO  SECURITY - [ACCESS-ATTEMPT] User: zivert@cai.mail.com, Method: PostController.createPost, IP: 0:0:0:0:0:0:0:1, User-Agent: Mozilla/5.0 (Windows NT 10.0; Win64; x64) AppleWebKit/537.36 (KHTML, like Gecko) Chrome/139.0.0.0 Safari/537.36
2025-08-20 11:02:36 [http-nio-8187-exec-7] INFO  r.l.f.aspect.logging.LoggingAspect - [SERVICE-ENTRY] RequestId: ae6f43da-244a-449b-a61f-53f1dade0b6b, Method: ru.lomov.flashbackend.services.UserServiceImpl.findUserProfileByJwt(), Args: [Bearer eyJhbGciOiJIUzUxMiJ9.eyJpYXQiOjE3NTU2MDA4MzgsImV4cCI6MTc1NTY4NzIzOCwiZW1haWwiOiJ6aXZlcnRAY2FpLm1haWwuY29tIn0.Yepye-6wkzj1e2JfQvjeuQ-rOx-8JcVh_siW5pKK547xT8nbZTMl3BPYe_4-I4zjiJt60I1IGPcCayP4uyv46A]
2025-08-20 11:02:36 [http-nio-8187-exec-7] INFO  r.l.f.aspect.logging.LoggingAspect - [SERVICE-ENTRY] RequestId: ae6f43da-244a-449b-a61f-53f1dade0b6b, Method: ru.lomov.flashbackend.config.JwtProvider.getEmailFromToken(), Args: [Bearer eyJhbGciOiJIUzUxMiJ9.eyJpYXQiOjE3NTU2MDA4MzgsImV4cCI6MTc1NTY4NzIzOCwiZW1haWwiOiJ6aXZlcnRAY2FpLm1haWwuY29tIn0.Yepye-6wkzj1e2JfQvjeuQ-rOx-8JcVh_siW5pKK547xT8nbZTMl3BPYe_4-I4zjiJt60I1IGPcCayP4uyv46A]
2025-08-20 11:02:36 [http-nio-8187-exec-7] INFO  r.l.f.aspect.logging.LoggingAspect - [SERVICE-EXIT] RequestId: ae6f43da-244a-449b-a61f-53f1dade0b6b, Method: ru.lomov.flashbackend.config.JwtProvider.getEmailFromToken(), Result: zivert@cai.mail.com
2025-08-20 11:02:36 [http-nio-8187-exec-7] DEBUG r.l.f.aspect.logging.LoggingAspect - [REPOSITORY-QUERY] RequestId: ae6f43da-244a-449b-a61f-53f1dade0b6b, Repository: ru.lomov.flashbackend.repositories.UserRepository.findAppUserByEmail(), Args: [zivert@cai.mail.com]
2025-08-20 11:02:36 [http-nio-8187-exec-7] DEBUG r.l.f.aspect.logging.LoggingAspect - [REPOSITORY-RESULT] RequestId: ae6f43da-244a-449b-a61f-53f1dade0b6b, Repository: ru.lomov.flashbackend.repositories.UserRepository.findAppUserByEmail(), Time: 9ms, ResultCount: 1
2025-08-20 11:02:36 [http-nio-8187-exec-7] INFO  r.l.f.aspect.logging.LoggingAspect - [SERVICE-EXIT] RequestId: ae6f43da-244a-449b-a61f-53f1dade0b6b, Method: ru.lomov.flashbackend.services.UserServiceImpl.findUserProfileByJwt(), Result: ru.lomov.flashbackend.entities.AppUser@38fb197e
2025-08-20 11:02:36 [http-nio-8187-exec-7] INFO  r.l.f.aspect.logging.LoggingAspect - [SERVICE-ENTRY] RequestId: ae6f43da-244a-449b-a61f-53f1dade0b6b, Method: ru.lomov.flashbackend.services.PostServiceImpl.createPost(), Args: [ru.lomov.flashbackend.entities.Post@70abf625, ru.lomov.flashbackend.entities.AppUser@38fb197e]
2025-08-20 11:02:39 [http-nio-8187-exec-7] WARN  PERFORMANCE - [SLOW-SERVICE] Method: createPost, Time: 2844ms, Class: PostServiceImpl
2025-08-20 11:02:39 [http-nio-8187-exec-7] INFO  r.l.f.aspect.logging.LoggingAspect - [SERVICE-EXIT] RequestId: ae6f43da-244a-449b-a61f-53f1dade0b6b, Method: ru.lomov.flashbackend.services.PostServiceImpl.createPost(), Result: ru.lomov.flashbackend.entities.Post@2149c865
2025-08-20 11:02:39 [http-nio-8187-exec-7] WARN  PERFORMANCE - [SLOW-CONTROLLER] Method: createPost, Time: 2864ms, Class: PostController
2025-08-20 11:02:39 [http-nio-8187-exec-7] INFO  r.l.f.aspect.logging.LoggingAspect - [CONTROLLER-RESPONSE] RequestId: ae6f43da-244a-449b-a61f-53f1dade0b6b, Controller: ru.lomov.flashbackend.controllers.PostController.createPost(), Status: SUCCESS, Time: 2864ms
2025-08-20 11:02:39 [http-nio-8187-exec-7] DEBUG o.s.w.s.m.m.a.RequestResponseBodyMethodProcessor - Using 'application/json', given [application/json, text/plain, */*] and supported [application/json, application/*+json, application/json, application/*+json, application/cbor]
2025-08-20 11:02:39 [http-nio-8187-exec-7] TRACE o.s.w.s.m.m.a.RequestResponseBodyMethodProcessor - Writing [PostDto(id=129, content=kljklj, image=, video=, audio=null, createdAt=2025-08-20T11:02:36.369140700, modifiedAt=null, user=UserDto(id=110, firstName=Иван , lastName=Афиногенов, fullName=Афиногенов Иван , email=zivert@cai.mail.com, password=null, location=null, statement=null, website=null, birthDate=null, phoneNumber=null, profilePictureUrl=null, coverPictureUrl=null, image=null, backgroundImage=null, bio=null, gender=null, language=null, city=null, country=null, timezone=null, address=null, postalCode=null, interests=null, skills=null, education=null, occupation=null, company=null, websiteCompanyYoutube=null, websiteCompanyVk=null, websiteCompanyOk=null, websiteCompanyTelegram=null, req_user=false, followed=false, isVerified=false, login_via_google=false, login_via_vk=false, followers=[], following=[]), totalLikes=0, totalReplies=0, totalReposts=0, totalShares=0, isLiked=false, isReposted=false, isBookmarked=false, bookmarkCount=3, repostUsersId=[], replyPost=[])]
2025-08-20 11:02:39 [http-nio-8187-exec-7] TRACE o.s.web.servlet.DispatcherServlet - No view rendering, null ModelAndView returned.
2025-08-20 11:02:39 [http-nio-8187-exec-7] DEBUG o.s.web.servlet.DispatcherServlet - Completed 200 OK, headers={masked}
2025-08-20 11:21:43 [http-nio-8187-exec-11] TRACE o.s.web.servlet.DispatcherServlet - POST "/auth/signIn", parameters={}, headers={masked} in DispatcherServlet 'dispatcherServlet'
2025-08-20 11:21:43 [http-nio-8187-exec-11] TRACE o.s.w.s.m.m.a.RequestMappingHandlerMapping - Mapped to ru.lomov.flashbackend.controllers.AuthController#signIn(AppUser)
2025-08-20 11:21:43 [http-nio-8187-exec-11] TRACE o.s.w.s.m.m.a.RequestResponseBodyMethodProcessor - Read "application/json;charset=UTF-8" to [ru.lomov.flashbackend.entities.AppUser@7d52f210]
2025-08-20 11:21:43 [http-nio-8187-exec-11] TRACE o.s.web.method.HandlerMethod - Arguments: [ru.lomov.flashbackend.entities.AppUser@7d52f210]
2025-08-20 11:21:43 [http-nio-8187-exec-11] INFO  r.l.f.aspect.logging.LoggingAspect - [CONTROLLER-REQUEST] RequestId: b3f7dcb2-b872-47c2-898d-bddf6e5daecb, HTTP-Method: POST, URL: /auth/signIn, Controller: ru.lomov.flashbackend.controllers.AuthController.signIn(), Args: [ru.lomov.flashbackend.entities.AppUser@7d52f210]
2025-08-20 11:21:43 [http-nio-8187-exec-11] INFO  SECURITY - [ACCESS-ATTEMPT] User: anonymousUser, Method: AuthController.signIn, IP: 0:0:0:0:0:0:0:1, User-Agent: Mozilla/5.0 (Windows NT 10.0; Win64; x64) AppleWebKit/537.36 (KHTML, like Gecko) Chrome/139.0.0.0 Safari/537.36
2025-08-20 11:21:43 [http-nio-8187-exec-11] DEBUG r.l.f.aspect.logging.LoggingAspect - [REPOSITORY-QUERY] RequestId: b3f7dcb2-b872-47c2-898d-bddf6e5daecb, Repository: ru.lomov.flashbackend.repositories.UserRepository.findAppUserByEmail(), Args: [zivert@cai.mail.com]
2025-08-20 11:21:43 [http-nio-8187-exec-11] INFO  PERFORMANCE - [MEDIUM-REPOSITORY] Method: findAppUserByEmail, Time: 513ms, Class: $Proxy145
2025-08-20 11:21:43 [http-nio-8187-exec-11] DEBUG r.l.f.aspect.logging.LoggingAspect - [REPOSITORY-RESULT] RequestId: b3f7dcb2-b872-47c2-898d-bddf6e5daecb, Repository: ru.lomov.flashbackend.repositories.UserRepository.findAppUserByEmail(), Time: 515ms, ResultCount: 1
2025-08-20 11:21:43 [http-nio-8187-exec-11] INFO  r.l.f.aspect.logging.LoggingAspect - [SERVICE-ENTRY] RequestId: b3f7dcb2-b872-47c2-898d-bddf6e5daecb, Method: ru.lomov.flashbackend.services.CustomUserDetailsServiceImplementation.loadUserByUsername(), Args: [zivert@cai.mail.com]
2025-08-20 11:21:43 [http-nio-8187-exec-11] DEBUG r.l.f.aspect.logging.LoggingAspect - [REPOSITORY-QUERY] RequestId: b3f7dcb2-b872-47c2-898d-bddf6e5daecb, Repository: ru.lomov.flashbackend.repositories.UserRepository.findAppUserByEmail(), Args: [zivert@cai.mail.com]
2025-08-20 11:21:43 [http-nio-8187-exec-11] DEBUG r.l.f.aspect.logging.LoggingAspect - [REPOSITORY-RESULT] RequestId: b3f7dcb2-b872-47c2-898d-bddf6e5daecb, Repository: ru.lomov.flashbackend.repositories.UserRepository.findAppUserByEmail(), Time: 1ms, ResultCount: 1
2025-08-20 11:21:43 [http-nio-8187-exec-11] INFO  r.l.f.aspect.logging.LoggingAspect - [SERVICE-EXIT] RequestId: b3f7dcb2-b872-47c2-898d-bddf6e5daecb, Method: ru.lomov.flashbackend.services.CustomUserDetailsServiceImplementation.loadUserByUsername(), Result: org.springframework.security.core.userdetails.User [Username=zivert@cai.mail.com, Password=[PROTECTED], Enabled=true, AccountNonExpired=true, credentialsNonExpired=true, AccountNonLocked=true, Granted Authorities=[]]
2025-08-20 11:21:44 [http-nio-8187-exec-11] INFO  r.l.f.aspect.logging.LoggingAspect - [SERVICE-ENTRY] RequestId: b3f7dcb2-b872-47c2-898d-bddf6e5daecb, Method: ru.lomov.flashbackend.config.JwtProvider.generateToken(), Args: [UsernamePasswordAuthenticationToken [Principal=org.springframework.security.core.userdetails.User [Username=zivert@cai.mail.com, Password=[PROTECTED], Enabled=true, AccountNonExpired=true, credentialsNonExpired=true, AccountNonLocked=true, Granted Authorities=[]], Credentials=[PROTECTED], Authenticated=true, Details=null, Granted Authorities=[]]]
2025-08-20 11:21:44 [http-nio-8187-exec-11] INFO  r.l.f.aspect.logging.LoggingAspect - [SERVICE-EXIT] RequestId: b3f7dcb2-b872-47c2-898d-bddf6e5daecb, Method: ru.lomov.flashbackend.config.JwtProvider.generateToken(), Result: eyJhbGciOiJIUzUxMiJ9.eyJpYXQiOjE3NTU2NTI5MDQsImV4cCI6MTc1NTczOTMwNCwiZW1haWwiOiJ6aXZlcnRAY2FpLm1haWwuY29tIn0.GvK3Fnl57pyyrK1kTkcHpC3PzqfwTfZE8TRqfYnq6dp8oD8cZ4ftH81px5IoW7hiIUbdKeWjOnNCucX4_LHQIA
2025-08-20 11:21:44 [http-nio-8187-exec-11] INFO  r.l.f.controllers.AuthController - User signed in successfully: zivert@cai.mail.com
2025-08-20 11:21:44 [http-nio-8187-exec-11] INFO  PERFORMANCE - [MEDIUM-CONTROLLER] Method: signIn, Time: 729ms, Class: AuthController
2025-08-20 11:21:44 [http-nio-8187-exec-11] INFO  r.l.f.aspect.logging.LoggingAspect - [CONTROLLER-RESPONSE] RequestId: b3f7dcb2-b872-47c2-898d-bddf6e5daecb, Controller: ru.lomov.flashbackend.controllers.AuthController.signIn(), Status: SUCCESS, Time: 730ms
2025-08-20 11:21:44 [http-nio-8187-exec-11] DEBUG o.s.w.s.m.m.a.RequestResponseBodyMethodProcessor - Using 'application/json', given [application/json, text/plain, */*] and supported [application/json, application/*+json, application/json, application/*+json, application/cbor]
2025-08-20 11:21:44 [http-nio-8187-exec-11] TRACE o.s.w.s.m.m.a.RequestResponseBodyMethodProcessor - Writing [ru.lomov.flashbackend.responses.AuthResponse@aab0da0]
2025-08-20 11:21:44 [http-nio-8187-exec-11] TRACE o.s.web.servlet.DispatcherServlet - No view rendering, null ModelAndView returned.
2025-08-20 11:21:44 [http-nio-8187-exec-11] DEBUG o.s.web.servlet.DispatcherServlet - Completed 200 OK, headers={masked}
2025-08-20 11:21:44 [http-nio-8187-exec-13] TRACE o.s.web.servlet.DispatcherServlet - GET "/api/users/profile", parameters={}, headers={masked} in DispatcherServlet 'dispatcherServlet'
2025-08-20 11:21:44 [http-nio-8187-exec-13] TRACE o.s.w.s.m.m.a.RequestMappingHandlerMapping - Mapped to ru.lomov.flashbackend.controllers.UserController#getUserProfile(String)
2025-08-20 11:21:44 [http-nio-8187-exec-13] TRACE o.s.web.method.HandlerMethod - Arguments: [Bearer eyJhbGciOiJIUzUxMiJ9.eyJpYXQiOjE3NTU2NTI5MDQsImV4cCI6MTc1NTczOTMwNCwiZW1haWwiOiJ6aXZlcnRAY2FpLm1haWwuY29tIn0.GvK3Fnl57pyyrK1kTkcHpC3PzqfwTfZE8TRqfYnq6dp8oD8cZ4ftH81px5IoW7hiIUbdKeWjOnNCucX4_LHQIA]
2025-08-20 11:21:44 [http-nio-8187-exec-13] INFO  r.l.f.aspect.logging.LoggingAspect - [CONTROLLER-REQUEST] RequestId: f7628221-45f6-446c-963c-108e1f952232, HTTP-Method: GET, URL: /api/users/profile, Controller: ru.lomov.flashbackend.controllers.UserController.getUserProfile(), Args: [Bearer eyJhbGciOiJIUzUxMiJ9.eyJpYXQiOjE3NTU2NTI5MDQsImV4cCI6MTc1NTczOTMwNCwiZW1haWwiOiJ6aXZlcnRAY2FpLm1haWwuY29tIn0.GvK3Fnl57pyyrK1kTkcHpC3PzqfwTfZE8TRqfYnq6dp8oD8cZ4ftH81px5IoW7hiIUbdKeWjOnNCucX4_LHQIA]
2025-08-20 11:21:44 [http-nio-8187-exec-13] INFO  SECURITY - [ACCESS-ATTEMPT] User: zivert@cai.mail.com, Method: UserController.getUserProfile, IP: 0:0:0:0:0:0:0:1, User-Agent: Mozilla/5.0 (Windows NT 10.0; Win64; x64) AppleWebKit/537.36 (KHTML, like Gecko) Chrome/139.0.0.0 Safari/537.36
2025-08-20 11:21:44 [http-nio-8187-exec-13] INFO  r.l.f.aspect.logging.LoggingAspect - [SERVICE-ENTRY] RequestId: f7628221-45f6-446c-963c-108e1f952232, Method: ru.lomov.flashbackend.services.UserServiceImpl.findUserProfileByJwt(), Args: [Bearer eyJhbGciOiJIUzUxMiJ9.eyJpYXQiOjE3NTU2NTI5MDQsImV4cCI6MTc1NTczOTMwNCwiZW1haWwiOiJ6aXZlcnRAY2FpLm1haWwuY29tIn0.GvK3Fnl57pyyrK1kTkcHpC3PzqfwTfZE8TRqfYnq6dp8oD8cZ4ftH81px5IoW7hiIUbdKeWjOnNCucX4_LHQIA]
2025-08-20 11:21:44 [http-nio-8187-exec-13] INFO  r.l.f.aspect.logging.LoggingAspect - [SERVICE-ENTRY] RequestId: f7628221-45f6-446c-963c-108e1f952232, Method: ru.lomov.flashbackend.config.JwtProvider.getEmailFromToken(), Args: [Bearer eyJhbGciOiJIUzUxMiJ9.eyJpYXQiOjE3NTU2NTI5MDQsImV4cCI6MTc1NTczOTMwNCwiZW1haWwiOiJ6aXZlcnRAY2FpLm1haWwuY29tIn0.GvK3Fnl57pyyrK1kTkcHpC3PzqfwTfZE8TRqfYnq6dp8oD8cZ4ftH81px5IoW7hiIUbdKeWjOnNCucX4_LHQIA]
2025-08-20 11:21:44 [http-nio-8187-exec-13] INFO  r.l.f.aspect.logging.LoggingAspect - [SERVICE-EXIT] RequestId: f7628221-45f6-446c-963c-108e1f952232, Method: ru.lomov.flashbackend.config.JwtProvider.getEmailFromToken(), Result: zivert@cai.mail.com
2025-08-20 11:21:44 [http-nio-8187-exec-13] DEBUG r.l.f.aspect.logging.LoggingAspect - [REPOSITORY-QUERY] RequestId: f7628221-45f6-446c-963c-108e1f952232, Repository: ru.lomov.flashbackend.repositories.UserRepository.findAppUserByEmail(), Args: [zivert@cai.mail.com]
2025-08-20 11:21:44 [http-nio-8187-exec-13] DEBUG r.l.f.aspect.logging.LoggingAspect - [REPOSITORY-RESULT] RequestId: f7628221-45f6-446c-963c-108e1f952232, Repository: ru.lomov.flashbackend.repositories.UserRepository.findAppUserByEmail(), Time: 5ms, ResultCount: 1
2025-08-20 11:21:44 [http-nio-8187-exec-13] INFO  r.l.f.aspect.logging.LoggingAspect - [SERVICE-EXIT] RequestId: f7628221-45f6-446c-963c-108e1f952232, Method: ru.lomov.flashbackend.services.UserServiceImpl.findUserProfileByJwt(), Result: ru.lomov.flashbackend.entities.AppUser@6afc0d8e
2025-08-20 11:21:44 [http-nio-8187-exec-13] INFO  r.l.f.controllers.UserController - User profile retrieved: zivert@cai.mail.com
2025-08-20 11:21:44 [http-nio-8187-exec-13] INFO  r.l.f.aspect.logging.LoggingAspect - [CONTROLLER-RESPONSE] RequestId: f7628221-45f6-446c-963c-108e1f952232, Controller: ru.lomov.flashbackend.controllers.UserController.getUserProfile(), Status: SUCCESS, Time: 11ms
2025-08-20 11:21:44 [http-nio-8187-exec-13] DEBUG o.s.w.s.m.m.a.RequestResponseBodyMethodProcessor - Using 'application/json', given [application/json, text/plain, */*] and supported [application/json, application/*+json, application/json, application/*+json, application/cbor]
2025-08-20 11:21:44 [http-nio-8187-exec-13] TRACE o.s.w.s.m.m.a.RequestResponseBodyMethodProcessor - Writing [UserDto(id=110, firstName=Иван , lastName=Афиногенов, fullName=Афиногенов Иван , email=zivert@cai.mail.com, password=null, location=null, statement=null, website=null, birthDate=null, phoneNumber=null, profilePictureUrl=null, coverPictureUrl=null, image=null, backgroundImage=null, bio=null, gender=null, language=null, city=null, country=null, timezone=null, address=null, postalCode=null, interests=null, skills=null, education=null, occupation=null, company=null, websiteCompanyYoutube=null, websiteCompanyVk=null, websiteCompanyOk=null, websiteCompanyTelegram=null, req_user=true, followed=false, isVerified=false, login_via_google=false, login_via_vk=false, followers=[], following=[])]
2025-08-20 11:21:44 [http-nio-8187-exec-13] TRACE o.s.web.servlet.DispatcherServlet - No view rendering, null ModelAndView returned.
2025-08-20 11:21:44 [http-nio-8187-exec-13] DEBUG o.s.web.servlet.DispatcherServlet - Completed 200 OK, headers={masked}
2025-08-20 11:21:44 [http-nio-8187-exec-12] TRACE o.s.web.servlet.DispatcherServlet - GET "/api/posts", parameters={}, headers={masked} in DispatcherServlet 'dispatcherServlet'
2025-08-20 11:21:44 [http-nio-8187-exec-12] TRACE o.s.w.s.m.m.a.RequestMappingHandlerMapping - Mapped to ru.lomov.flashbackend.controllers.PostController#findAllPosts(String)
2025-08-20 11:21:44 [http-nio-8187-exec-12] TRACE o.s.web.method.HandlerMethod - Arguments: [Bearer eyJhbGciOiJIUzUxMiJ9.eyJpYXQiOjE3NTU2NTEzMzIsImV4cCI6MTc1NTczNzczMiwiZW1haWwiOiJ6aXZlcnRAY2FpLm1haWwuY29tIn0.3COrGp99Jo4ILGWCcjzUSUjektSC6uW_tS85FNWHuudgyGzdEkj9aEBws3BQTeqY5ebdC4EMEydgGpcx4SivzA]
2025-08-20 11:21:44 [http-nio-8187-exec-12] INFO  r.l.f.aspect.logging.LoggingAspect - [CONTROLLER-REQUEST] RequestId: 44a25628-571f-4054-b793-2fdb296d43fc, HTTP-Method: GET, URL: /api/posts, Controller: ru.lomov.flashbackend.controllers.PostController.findAllPosts(), Args: [Bearer eyJhbGciOiJIUzUxMiJ9.eyJpYXQiOjE3NTU2NTEzMzIsImV4cCI6MTc1NTczNzczMiwiZW1haWwiOiJ6aXZlcnRAY2FpLm1haWwuY29tIn0.3COrGp99Jo4ILGWCcjzUSUjektSC6uW_tS85FNWHuudgyGzdEkj9aEBws3BQTeqY5ebdC4EMEydgGpcx4SivzA]
2025-08-20 11:21:44 [http-nio-8187-exec-12] INFO  SECURITY - [ACCESS-ATTEMPT] User: zivert@cai.mail.com, Method: PostController.findAllPosts, IP: 0:0:0:0:0:0:0:1, User-Agent: Mozilla/5.0 (Windows NT 10.0; Win64; x64) AppleWebKit/537.36 (KHTML, like Gecko) Chrome/139.0.0.0 Safari/537.36
2025-08-20 11:21:44 [http-nio-8187-exec-12] INFO  r.l.f.aspect.logging.LoggingAspect - [SERVICE-ENTRY] RequestId: 44a25628-571f-4054-b793-2fdb296d43fc, Method: ru.lomov.flashbackend.services.UserServiceImpl.findUserProfileByJwt(), Args: [Bearer eyJhbGciOiJIUzUxMiJ9.eyJpYXQiOjE3NTU2NTEzMzIsImV4cCI6MTc1NTczNzczMiwiZW1haWwiOiJ6aXZlcnRAY2FpLm1haWwuY29tIn0.3COrGp99Jo4ILGWCcjzUSUjektSC6uW_tS85FNWHuudgyGzdEkj9aEBws3BQTeqY5ebdC4EMEydgGpcx4SivzA]
2025-08-20 11:21:44 [http-nio-8187-exec-12] INFO  r.l.f.aspect.logging.LoggingAspect - [SERVICE-ENTRY] RequestId: 44a25628-571f-4054-b793-2fdb296d43fc, Method: ru.lomov.flashbackend.config.JwtProvider.getEmailFromToken(), Args: [Bearer eyJhbGciOiJIUzUxMiJ9.eyJpYXQiOjE3NTU2NTEzMzIsImV4cCI6MTc1NTczNzczMiwiZW1haWwiOiJ6aXZlcnRAY2FpLm1haWwuY29tIn0.3COrGp99Jo4ILGWCcjzUSUjektSC6uW_tS85FNWHuudgyGzdEkj9aEBws3BQTeqY5ebdC4EMEydgGpcx4SivzA]
2025-08-20 11:21:44 [http-nio-8187-exec-12] INFO  r.l.f.aspect.logging.LoggingAspect - [SERVICE-EXIT] RequestId: 44a25628-571f-4054-b793-2fdb296d43fc, Method: ru.lomov.flashbackend.config.JwtProvider.getEmailFromToken(), Result: zivert@cai.mail.com
2025-08-20 11:21:44 [http-nio-8187-exec-12] DEBUG r.l.f.aspect.logging.LoggingAspect - [REPOSITORY-QUERY] RequestId: 44a25628-571f-4054-b793-2fdb296d43fc, Repository: ru.lomov.flashbackend.repositories.UserRepository.findAppUserByEmail(), Args: [zivert@cai.mail.com]
2025-08-20 11:21:44 [http-nio-8187-exec-12] DEBUG r.l.f.aspect.logging.LoggingAspect - [REPOSITORY-RESULT] RequestId: 44a25628-571f-4054-b793-2fdb296d43fc, Repository: ru.lomov.flashbackend.repositories.UserRepository.findAppUserByEmail(), Time: 4ms, ResultCount: 1
2025-08-20 11:21:44 [http-nio-8187-exec-12] INFO  r.l.f.aspect.logging.LoggingAspect - [SERVICE-EXIT] RequestId: 44a25628-571f-4054-b793-2fdb296d43fc, Method: ru.lomov.flashbackend.services.UserServiceImpl.findUserProfileByJwt(), Result: ru.lomov.flashbackend.entities.AppUser@251041c6
2025-08-20 11:21:44 [http-nio-8187-exec-12] INFO  r.l.f.aspect.logging.LoggingAspect - [SERVICE-ENTRY] RequestId: 44a25628-571f-4054-b793-2fdb296d43fc, Method: ru.lomov.flashbackend.services.PostServiceImpl.findAllPosts(), Args: []
2025-08-20 11:21:44 [http-nio-8187-exec-12] DEBUG r.l.f.aspect.logging.LoggingAspect - [REPOSITORY-QUERY] RequestId: 44a25628-571f-4054-b793-2fdb296d43fc, Repository: ru.lomov.flashbackend.repositories.PostRepository.findAllByIsPostTrueOrderByCreatedAtAsc(), Args: []
2025-08-20 11:21:44 [http-nio-8187-exec-12] DEBUG r.l.f.aspect.logging.LoggingAspect - [REPOSITORY-RESULT] RequestId: 44a25628-571f-4054-b793-2fdb296d43fc, Repository: ru.lomov.flashbackend.repositories.PostRepository.findAllByIsPostTrueOrderByCreatedAtAsc(), Time: 69ms, ResultCount: 10
2025-08-20 11:21:44 [http-nio-8187-exec-12] INFO  r.l.f.aspect.logging.LoggingAspect - [SERVICE-EXIT] RequestId: 44a25628-571f-4054-b793-2fdb296d43fc, Method: ru.lomov.flashbackend.services.PostServiceImpl.findAllPosts(), Result: [ru.lomov.flashbackend.entities.Post@372dc09e, ru.lomov.flashbackend.entities.Post@55141efb, ru.lomov.flashbackend.entities.Post@660226be, ru.lomov.flashbackend.entities.Post@13941f43, ru.lomov.flashbackend.entities.Post@651eeb45, ru.lomov.flashbackend.entities.Post@4b859a40, ru.lomov.flashbackend.entities.Post@3c456258, ru.lomov.flashbackend.entities.Post@f180c94, ru.lomov.flashbackend.entities.Post@1dce8af1, ru.lomov.flashbackend.entities.Post@7a7e5492]
2025-08-20 11:21:53 [http-nio-8187-exec-12] WARN  PERFORMANCE - [SLOW-CONTROLLER] Method: findAllPosts, Time: 8364ms, Class: PostController
2025-08-20 11:21:53 [http-nio-8187-exec-12] INFO  r.l.f.aspect.logging.LoggingAspect - [CONTROLLER-RESPONSE] RequestId: 44a25628-571f-4054-b793-2fdb296d43fc, Controller: ru.lomov.flashbackend.controllers.PostController.findAllPosts(), Status: SUCCESS, Time: 8365ms
2025-08-20 11:21:53 [http-nio-8187-exec-12] DEBUG o.s.w.s.m.m.a.RequestResponseBodyMethodProcessor - Using 'application/json', given [application/json, text/plain, */*] and supported [application/json, application/*+json, application/json, application/*+json, application/cbor]
2025-08-20 11:21:53 [http-nio-8187-exec-12] TRACE o.s.w.s.m.m.a.RequestResponseBodyMethodProcessor - Writing [[PostDto(id=111, content=hkjslkdjflskdjflsdkjflsklf, image=, video=, audio=null, createdAt=2024-07-06T14:47:13.861142, modifiedAt=null, user=UserDto(id=110, firstName=Иван , lastName=Афиногенов, fullName=Афиногенов Иван , email=zivert@cai.mail.com, password=null, location=null, statement=null, website=null, birthDate=null, phoneNumber=null, profilePictureUrl=null, coverPictureUrl=null, image=null, backgroundImage=null, bio=null, gender=null, language=null, city=null, country=null, timezone=null, address=null, postalCode=null, interests=null, skills=null, education=null, occupation=null, company=null, websiteCompanyYoutube=null, websiteCompanyVk=null, websiteCompanyOk=null, websiteCompanyTelegram=null, req_user=false, followed=false, isVerified=false, login_via_google=false, login_via_vk=false, followers=[], following=[]), totalLikes=1, totalReplies=0, totalReposts=0, totalShares=0, isLiked=true, isReposted=false, isBookmarked=true, bookmarkCount=3, repostUsersId=[], replyPost=null), PostDto(id=116, content=ывоалврпщшгщшегукщлтмв, image=, video=, audio=null, createdAt=2024-07-22T15:07:44.562731, modifiedAt=null, user=UserDto(id=110, firstName=Иван , lastName=Афиногенов, fullName=Афиногенов Иван , email=zivert@cai.mail.com, password=null, location=null, statement=null, website=null, birthDate=null, phoneNumber=null, profilePictureUrl=null, coverPictureUrl=null, image=null, backgroundImage=null, bio=null, gender=null, language=null, city=null, country=null, timezone=null, address=null, postalCode=null, interests=null, skills=null, education=null, occupation=null, company=null, websiteCompanyYoutube=null, websiteCompanyVk=null, websiteCompanyOk=null, websiteCompanyTelegram=null, req_user=false, followed=false, isVerified=false, login_via_google=false, login_via_vk=false, followers=[], following=[]), totalLikes=1, totalReplies=0, totalReposts=0, totalShares=0, isLiked=true, isReposted=false, isBookmarked=true, bookmarkCount=3, repostUsersId=[], replyPost=null), PostDto(id=117, content=dkvlfdjdropogrgjjoi, image=, video=, audio=null, createdAt=2024-07-26T15:41:53.294128, modifiedAt=null, user=UserDto(id=110, firstName=Иван , lastName=Афиногенов, fullName=Афиногенов Иван , email=zivert@cai.mail.com, password=null, location=null, statement=null, website=null, birthDate=null, phoneNumber=null, profilePictureUrl=null, coverPictureUrl=null, image=null, backgroundImage=null, bio=null, gender=null, language=null, city=null, country=null, timezone=null, address=null, postalCode=null, interests=null, skills=null, education=null, occupation=null, company=null, websiteCompanyYoutube=null, websiteCompanyVk=null, websiteCompanyOk=null, websiteCompanyTelegram=null, req_user=false, followed=false, isVerified=false, login_via_google=false, login_via_vk=false, followers=[], following=[]), totalLikes=0, totalReplies=0, totalReposts=0, totalShares=0, isLiked=false, isReposted=false, isBookmarked=true, bookmarkCount=3, repostUsersId=[], replyPost=null), PostDto(id=118, content=lgl l l llg lgl llg lgl , image=, video=, audio=null, createdAt=2024-07-27T22:30:10.650353, modifiedAt=null, user=UserDto(id=110, firstName=Иван , lastName=Афиногенов, fullName=Афиногенов Иван , email=zivert@cai.mail.com, password=null, location=null, statement=null, website=null, birthDate=null, phoneNumber=null, profilePictureUrl=null, coverPictureUrl=null, image=null, backgroundImage=null, bio=null, gender=null, language=null, city=null, country=null, timezone=null, address=null, postalCode=null, interests=null, skills=null, education=null, occupation=null, company=null, websiteCompanyYoutube=null, websiteCompanyVk=null, websiteCompanyOk=null, websiteCompanyTelegram=null, req_user=false, followed=false, isVerified=false, login_via_google=false, login_via_vk=false, followers=[], following=[]), totalLikes=0, totalReplies=0, totalReposts=0, totalShares=0, isLiked=false, isReposted=false, isBookmarked=false, bookmarkCount=3, repostUsersId=[], replyPost=null), PostDto(id=123, content=vxcmnv,nxcv,, image=, video=, audio=null, createdAt=2025-02-13T12:32:26.527722, modifiedAt=null, user=UserDto(id=110, firstName=Иван , lastName=Афиногенов, fullName=Афиногенов Иван , email=zivert@cai.mail.com, password=null, location=null, statement=null, website=null, birthDate=null, phoneNumber=null, profilePictureUrl=null, coverPictureUrl=null, image=null, backgroundImage=null, bio=null, gender=null, language=null, city=null, country=null, timezone=null, address=null, postalCode=null, interests=null, skills=null, education=null, occupation=null, company=null, websiteCompanyYoutube=null, websiteCompanyVk=null, websiteCompanyOk=null, websiteCompanyTelegram=null, req_user=false, followed=false, isVerified=false, login_via_google=false, login_via_vk=false, followers=[], following=[]), totalLikes=0, totalReplies=0, totalReposts=0, totalShares=0, isLiked=false, isReposted=false, isBookmarked=false, bookmarkCount=3, repostUsersId=[], replyPost=null), PostDto(id=124, content=обложка, image=, video=, audio=null, createdAt=2025-04-01T15:09:22.539372, modifiedAt=null, user=UserDto(id=110, firstName=Иван , lastName=Афиногенов, fullName=Афиногенов Иван , email=zivert@cai.mail.com, password=null, location=null, statement=null, website=null, birthDate=null, phoneNumber=null, profilePictureUrl=null, coverPictureUrl=null, image=null, backgroundImage=null, bio=null, gender=null, language=null, city=null, country=null, timezone=null, address=null, postalCode=null, interests=null, skills=null, education=null, occupation=null, company=null, websiteCompanyYoutube=null, websiteCompanyVk=null, websiteCompanyOk=null, websiteCompanyTelegram=null, req_user=false, followed=false, isVerified=false, login_via_google=false, login_via_vk=false, followers=[], following=[]), totalLikes=0, totalReplies=0, totalReposts=0, totalShares=0, isLiked=false, isReposted=false, isBookmarked=false, bookmarkCount=3, repostUsersId=[], replyPost=null), PostDto(id=125, content=yjh, image=, video=, audio=null, createdAt=2025-04-01T15:52:02.053212, modifiedAt=null, user=UserDto(id=110, firstName=Иван , lastName=Афиногенов, fullName=Афиногенов Иван , email=zivert@cai.mail.com, password=null, location=null, statement=null, website=null, birthDate=null, phoneNumber=null, profilePictureUrl=null, coverPictureUrl=null, image=null, backgroundImage=null, bio=null, gender=null, language=null, city=null, country=null, timezone=null, address=null, postalCode=null, interests=null, skills=null, education=null, occupation=null, company=null, websiteCompanyYoutube=null, websiteCompanyVk=null, websiteCompanyOk=null, websiteCompanyTelegram=null, req_user=false, followed=false, isVerified=false, login_via_google=false, login_via_vk=false, followers=[], following=[]), totalLikes=0, totalReplies=0, totalReposts=0, totalShares=0, isLiked=false, isReposted=false, isBookmarked=false, bookmarkCount=3, repostUsersId=[], replyPost=null), PostDto(id=126, content=fv, image=, video=, audio=null, createdAt=2025-04-01T15:52:58.660847, modifiedAt=null, user=UserDto(id=110, firstName=Иван , lastName=Афиногенов, fullName=Афиногенов Иван , email=zivert@cai.mail.com, password=null, location=null, statement=null, website=null, birthDate=null, phoneNumber=null, profilePictureUrl=null, coverPictureUrl=null, image=null, backgroundImage=null, bio=null, gender=null, language=null, city=null, country=null, timezone=null, address=null, postalCode=null, interests=null, skills=null, education=null, occupation=null, company=null, websiteCompanyYoutube=null, websiteCompanyVk=null, websiteCompanyOk=null, websiteCompanyTelegram=null, req_user=false, followed=false, isVerified=false, login_via_google=false, login_via_vk=false, followers=[], following=[]), totalLikes=0, totalReplies=0, totalReposts=0, totalShares=0, isLiked=false, isReposted=false, isBookmarked=false, bookmarkCount=3, repostUsersId=[], replyPost=null), PostDto(id=128, content=yuyiuyiy, image=, video=, audio=null, createdAt=2025-08-19T20:56:04.200513, modifiedAt=null, user=UserDto(id=110, firstName=Иван , lastName=Афиногенов, fullName=Афиногенов Иван , email=zivert@cai.mail.com, password=null, location=null, statement=null, website=null, birthDate=null, phoneNumber=null, profilePictureUrl=null, coverPictureUrl=null, image=null, backgroundImage=null, bio=null, gender=null, language=null, city=null, country=null, timezone=null, address=null, postalCode=null, interests=null, skills=null, education=null, occupation=null, company=null, websiteCompanyYoutube=null, websiteCompanyVk=null, websiteCompanyOk=null, websiteCompanyTelegram=null, req_user=false, followed=false, isVerified=false, login_via_google=false, login_via_vk=false, followers=[], following=[]), totalLikes=0, totalReplies=0, totalReposts=0, totalShares=0, isLiked=false, isReposted=false, isBookmarked=false, bookmarkCount=3, repostUsersId=[], replyPost=null), PostDto(id=129, content=kljklj, image=, video=, audio=null, createdAt=2025-08-20T11:02:36.369141, modifiedAt=null, user=UserDto(id=110, firstName=Иван , lastName=Афиногенов, fullName=Афиногенов Иван , email=zivert@cai.mail.com, password=null, location=null, statement=null, website=null, birthDate=null, phoneNumber=null, profilePictureUrl=null, coverPictureUrl=null, image=null, backgroundImage=null, bio=null, gender=null, language=null, city=null, country=null, timezone=null, address=null, postalCode=null, interests=null, skills=null, education=null, occupation=null, company=null, websiteCompanyYoutube=null, websiteCompanyVk=null, websiteCompanyOk=null, websiteCompanyTelegram=null, req_user=false, followed=false, isVerified=false, login_via_google=false, login_via_vk=false, followers=[], following=[]), totalLikes=0, totalReplies=0, totalReposts=0, totalShares=0, isLiked=false, isReposted=false, isBookmarked=false, bookmarkCount=3, repostUsersId=[], replyPost=null)]]
2025-08-20 11:21:53 [http-nio-8187-exec-12] TRACE o.s.web.servlet.DispatcherServlet - No view rendering, null ModelAndView returned.
2025-08-20 11:21:53 [http-nio-8187-exec-12] DEBUG o.s.web.servlet.DispatcherServlet - Completed 200 OK, headers={masked}
2025-08-20 11:28:32 [http-nio-8187-exec-15] TRACE o.s.web.servlet.DispatcherServlet - POST "/auth/signIn", parameters={}, headers={masked} in DispatcherServlet 'dispatcherServlet'
2025-08-20 11:28:32 [http-nio-8187-exec-15] TRACE o.s.w.s.m.m.a.RequestMappingHandlerMapping - Mapped to ru.lomov.flashbackend.controllers.AuthController#signIn(AppUser)
2025-08-20 11:28:32 [http-nio-8187-exec-15] TRACE o.s.w.s.m.m.a.RequestResponseBodyMethodProcessor - Read "application/json;charset=UTF-8" to [ru.lomov.flashbackend.entities.AppUser@61749081]
2025-08-20 11:28:32 [http-nio-8187-exec-15] TRACE o.s.web.method.HandlerMethod - Arguments: [ru.lomov.flashbackend.entities.AppUser@61749081]
2025-08-20 11:28:43 [http-nio-8187-exec-15] INFO  r.l.f.aspect.logging.LoggingAspect - [CONTROLLER-REQUEST] RequestId: 81561759-c2bc-44e5-a2bc-20d6d95fdb63, HTTP-Method: POST, URL: /auth/signIn, Controller: ru.lomov.flashbackend.controllers.AuthController.signIn(), Args: [ru.lomov.flashbackend.entities.AppUser@61749081]
2025-08-20 11:28:43 [http-nio-8187-exec-15] INFO  SECURITY - [ACCESS-ATTEMPT] User: anonymousUser, Method: AuthController.signIn, IP: 0:0:0:0:0:0:0:1, User-Agent: Mozilla/5.0 (Windows NT 10.0; Win64; x64) AppleWebKit/537.36 (KHTML, like Gecko) Chrome/139.0.0.0 Safari/537.36
2025-08-20 11:28:43 [http-nio-8187-exec-15] DEBUG r.l.f.aspect.logging.LoggingAspect - [REPOSITORY-QUERY] RequestId: 81561759-c2bc-44e5-a2bc-20d6d95fdb63, Repository: ru.lomov.flashbackend.repositories.UserRepository.findAppUserByEmail(), Args: [zivert@cai.mail.com]
2025-08-20 11:28:43 [http-nio-8187-exec-15] DEBUG r.l.f.aspect.logging.LoggingAspect - [REPOSITORY-RESULT] RequestId: 81561759-c2bc-44e5-a2bc-20d6d95fdb63, Repository: ru.lomov.flashbackend.repositories.UserRepository.findAppUserByEmail(), Time: 15ms, ResultCount: 1
2025-08-20 11:28:44 [http-nio-8187-exec-15] INFO  r.l.f.aspect.logging.LoggingAspect - [SERVICE-ENTRY] RequestId: 81561759-c2bc-44e5-a2bc-20d6d95fdb63, Method: ru.lomov.flashbackend.services.CustomUserDetailsServiceImplementation.loadUserByUsername(), Args: [zivert@cai.mail.com]
2025-08-20 11:28:44 [http-nio-8187-exec-15] DEBUG r.l.f.aspect.logging.LoggingAspect - [REPOSITORY-QUERY] RequestId: 81561759-c2bc-44e5-a2bc-20d6d95fdb63, Repository: ru.lomov.flashbackend.repositories.UserRepository.findAppUserByEmail(), Args: [zivert@cai.mail.com]
2025-08-20 11:28:44 [http-nio-8187-exec-15] DEBUG r.l.f.aspect.logging.LoggingAspect - [REPOSITORY-RESULT] RequestId: 81561759-c2bc-44e5-a2bc-20d6d95fdb63, Repository: ru.lomov.flashbackend.repositories.UserRepository.findAppUserByEmail(), Time: 1ms, ResultCount: 1
2025-08-20 11:28:44 [http-nio-8187-exec-15] INFO  r.l.f.aspect.logging.LoggingAspect - [SERVICE-EXIT] RequestId: 81561759-c2bc-44e5-a2bc-20d6d95fdb63, Method: ru.lomov.flashbackend.services.CustomUserDetailsServiceImplementation.loadUserByUsername(), Result: org.springframework.security.core.userdetails.User [Username=zivert@cai.mail.com, Password=[PROTECTED], Enabled=true, AccountNonExpired=true, credentialsNonExpired=true, AccountNonLocked=true, Granted Authorities=[]]
2025-08-20 11:28:44 [http-nio-8187-exec-15] INFO  r.l.f.aspect.logging.LoggingAspect - [SERVICE-ENTRY] RequestId: 81561759-c2bc-44e5-a2bc-20d6d95fdb63, Method: ru.lomov.flashbackend.config.JwtProvider.generateToken(), Args: [UsernamePasswordAuthenticationToken [Principal=org.springframework.security.core.userdetails.User [Username=zivert@cai.mail.com, Password=[PROTECTED], Enabled=true, AccountNonExpired=true, credentialsNonExpired=true, AccountNonLocked=true, Granted Authorities=[]], Credentials=[PROTECTED], Authenticated=true, Details=null, Granted Authorities=[]]]
2025-08-20 11:28:44 [http-nio-8187-exec-15] INFO  r.l.f.aspect.logging.LoggingAspect - [SERVICE-EXIT] RequestId: 81561759-c2bc-44e5-a2bc-20d6d95fdb63, Method: ru.lomov.flashbackend.config.JwtProvider.generateToken(), Result: eyJhbGciOiJIUzUxMiJ9.eyJpYXQiOjE3NTU2NTMzMjQsImV4cCI6MTc1NTczOTcyNCwiZW1haWwiOiJ6aXZlcnRAY2FpLm1haWwuY29tIn0.hNAhWaK_u0pRt2QGZ7cPhG7P8yacp6-vVfz1I1SavFpDk9NumbrPGmjI--W2L6iE0v0nrNO6zAJnXHdkZmIC_Q
2025-08-20 11:28:44 [http-nio-8187-exec-15] INFO  r.l.f.controllers.AuthController - User signed in successfully: zivert@cai.mail.com
2025-08-20 11:28:44 [http-nio-8187-exec-15] INFO  PERFORMANCE - [MEDIUM-CONTROLLER] Method: signIn, Time: 273ms, Class: AuthController
2025-08-20 11:28:44 [http-nio-8187-exec-15] INFO  r.l.f.aspect.logging.LoggingAspect - [CONTROLLER-RESPONSE] RequestId: 81561759-c2bc-44e5-a2bc-20d6d95fdb63, Controller: ru.lomov.flashbackend.controllers.AuthController.signIn(), Status: SUCCESS, Time: 275ms
2025-08-20 11:28:44 [http-nio-8187-exec-15] DEBUG o.s.w.s.m.m.a.RequestResponseBodyMethodProcessor - Using 'application/json', given [application/json, text/plain, */*] and supported [application/json, application/*+json, application/json, application/*+json, application/cbor]
2025-08-20 11:28:44 [http-nio-8187-exec-15] TRACE o.s.w.s.m.m.a.RequestResponseBodyMethodProcessor - Writing [ru.lomov.flashbackend.responses.AuthResponse@79474a66]
2025-08-20 11:28:44 [http-nio-8187-exec-15] TRACE o.s.web.servlet.DispatcherServlet - No view rendering, null ModelAndView returned.
2025-08-20 11:28:44 [http-nio-8187-exec-15] DEBUG o.s.web.servlet.DispatcherServlet - Completed 200 OK, headers={masked}
2025-08-20 11:28:44 [http-nio-8187-exec-16] TRACE o.s.web.servlet.DispatcherServlet - GET "/api/users/profile", parameters={}, headers={masked} in DispatcherServlet 'dispatcherServlet'
2025-08-20 11:28:44 [http-nio-8187-exec-16] TRACE o.s.w.s.m.m.a.RequestMappingHandlerMapping - Mapped to ru.lomov.flashbackend.controllers.UserController#getUserProfile(String)
2025-08-20 11:28:44 [http-nio-8187-exec-16] TRACE o.s.web.method.HandlerMethod - Arguments: [Bearer eyJhbGciOiJIUzUxMiJ9.eyJpYXQiOjE3NTU2NTMzMjQsImV4cCI6MTc1NTczOTcyNCwiZW1haWwiOiJ6aXZlcnRAY2FpLm1haWwuY29tIn0.hNAhWaK_u0pRt2QGZ7cPhG7P8yacp6-vVfz1I1SavFpDk9NumbrPGmjI--W2L6iE0v0nrNO6zAJnXHdkZmIC_Q]
2025-08-20 11:28:44 [http-nio-8187-exec-16] INFO  r.l.f.aspect.logging.LoggingAspect - [CONTROLLER-REQUEST] RequestId: 0e7478b2-e6ad-4bd7-a867-91c8c22a313e, HTTP-Method: GET, URL: /api/users/profile, Controller: ru.lomov.flashbackend.controllers.UserController.getUserProfile(), Args: [Bearer eyJhbGciOiJIUzUxMiJ9.eyJpYXQiOjE3NTU2NTMzMjQsImV4cCI6MTc1NTczOTcyNCwiZW1haWwiOiJ6aXZlcnRAY2FpLm1haWwuY29tIn0.hNAhWaK_u0pRt2QGZ7cPhG7P8yacp6-vVfz1I1SavFpDk9NumbrPGmjI--W2L6iE0v0nrNO6zAJnXHdkZmIC_Q]
2025-08-20 11:28:44 [http-nio-8187-exec-16] INFO  SECURITY - [ACCESS-ATTEMPT] User: zivert@cai.mail.com, Method: UserController.getUserProfile, IP: 0:0:0:0:0:0:0:1, User-Agent: Mozilla/5.0 (Windows NT 10.0; Win64; x64) AppleWebKit/537.36 (KHTML, like Gecko) Chrome/139.0.0.0 Safari/537.36
2025-08-20 11:28:44 [http-nio-8187-exec-16] INFO  r.l.f.aspect.logging.LoggingAspect - [SERVICE-ENTRY] RequestId: 0e7478b2-e6ad-4bd7-a867-91c8c22a313e, Method: ru.lomov.flashbackend.services.UserServiceImpl.findUserProfileByJwt(), Args: [Bearer eyJhbGciOiJIUzUxMiJ9.eyJpYXQiOjE3NTU2NTMzMjQsImV4cCI6MTc1NTczOTcyNCwiZW1haWwiOiJ6aXZlcnRAY2FpLm1haWwuY29tIn0.hNAhWaK_u0pRt2QGZ7cPhG7P8yacp6-vVfz1I1SavFpDk9NumbrPGmjI--W2L6iE0v0nrNO6zAJnXHdkZmIC_Q]
2025-08-20 11:28:44 [http-nio-8187-exec-16] INFO  r.l.f.aspect.logging.LoggingAspect - [SERVICE-ENTRY] RequestId: 0e7478b2-e6ad-4bd7-a867-91c8c22a313e, Method: ru.lomov.flashbackend.config.JwtProvider.getEmailFromToken(), Args: [Bearer eyJhbGciOiJIUzUxMiJ9.eyJpYXQiOjE3NTU2NTMzMjQsImV4cCI6MTc1NTczOTcyNCwiZW1haWwiOiJ6aXZlcnRAY2FpLm1haWwuY29tIn0.hNAhWaK_u0pRt2QGZ7cPhG7P8yacp6-vVfz1I1SavFpDk9NumbrPGmjI--W2L6iE0v0nrNO6zAJnXHdkZmIC_Q]
2025-08-20 11:28:44 [http-nio-8187-exec-16] INFO  r.l.f.aspect.logging.LoggingAspect - [SERVICE-EXIT] RequestId: 0e7478b2-e6ad-4bd7-a867-91c8c22a313e, Method: ru.lomov.flashbackend.config.JwtProvider.getEmailFromToken(), Result: zivert@cai.mail.com
2025-08-20 11:28:44 [http-nio-8187-exec-16] DEBUG r.l.f.aspect.logging.LoggingAspect - [REPOSITORY-QUERY] RequestId: 0e7478b2-e6ad-4bd7-a867-91c8c22a313e, Repository: ru.lomov.flashbackend.repositories.UserRepository.findAppUserByEmail(), Args: [zivert@cai.mail.com]
2025-08-20 11:28:44 [http-nio-8187-exec-16] DEBUG r.l.f.aspect.logging.LoggingAspect - [REPOSITORY-RESULT] RequestId: 0e7478b2-e6ad-4bd7-a867-91c8c22a313e, Repository: ru.lomov.flashbackend.repositories.UserRepository.findAppUserByEmail(), Time: 5ms, ResultCount: 1
2025-08-20 11:28:44 [http-nio-8187-exec-16] INFO  r.l.f.aspect.logging.LoggingAspect - [SERVICE-EXIT] RequestId: 0e7478b2-e6ad-4bd7-a867-91c8c22a313e, Method: ru.lomov.flashbackend.services.UserServiceImpl.findUserProfileByJwt(), Result: ru.lomov.flashbackend.entities.AppUser@cf70bdd
2025-08-20 11:28:44 [http-nio-8187-exec-16] INFO  r.l.f.controllers.UserController - User profile retrieved: zivert@cai.mail.com
2025-08-20 11:28:44 [http-nio-8187-exec-16] INFO  r.l.f.aspect.logging.LoggingAspect - [CONTROLLER-RESPONSE] RequestId: 0e7478b2-e6ad-4bd7-a867-91c8c22a313e, Controller: ru.lomov.flashbackend.controllers.UserController.getUserProfile(), Status: SUCCESS, Time: 12ms
2025-08-20 11:28:44 [http-nio-8187-exec-16] DEBUG o.s.w.s.m.m.a.RequestResponseBodyMethodProcessor - Using 'application/json', given [application/json, text/plain, */*] and supported [application/json, application/*+json, application/json, application/*+json, application/cbor]
2025-08-20 11:28:44 [http-nio-8187-exec-16] TRACE o.s.w.s.m.m.a.RequestResponseBodyMethodProcessor - Writing [UserDto(id=110, firstName=Иван , lastName=Афиногенов, fullName=Афиногенов Иван , email=zivert@cai.mail.com, password=null, location=null, statement=null, website=null, birthDate=null, phoneNumber=null, profilePictureUrl=null, coverPictureUrl=null, image=null, backgroundImage=null, bio=null, gender=null, language=null, city=null, country=null, timezone=null, address=null, postalCode=null, interests=null, skills=null, education=null, occupation=null, company=null, websiteCompanyYoutube=null, websiteCompanyVk=null, websiteCompanyOk=null, websiteCompanyTelegram=null, req_user=true, followed=false, isVerified=false, login_via_google=false, login_via_vk=false, followers=[], following=[])]
2025-08-20 11:28:44 [http-nio-8187-exec-16] TRACE o.s.web.servlet.DispatcherServlet - No view rendering, null ModelAndView returned.
2025-08-20 11:28:44 [http-nio-8187-exec-16] DEBUG o.s.web.servlet.DispatcherServlet - Completed 200 OK, headers={masked}
2025-08-20 11:28:44 [http-nio-8187-exec-17] TRACE o.s.web.servlet.DispatcherServlet - GET "/api/posts", parameters={}, headers={masked} in DispatcherServlet 'dispatcherServlet'
2025-08-20 11:28:44 [http-nio-8187-exec-17] TRACE o.s.w.s.m.m.a.RequestMappingHandlerMapping - Mapped to ru.lomov.flashbackend.controllers.PostController#findAllPosts(String)
2025-08-20 11:28:44 [http-nio-8187-exec-17] TRACE o.s.web.method.HandlerMethod - Arguments: [Bearer eyJhbGciOiJIUzUxMiJ9.eyJpYXQiOjE3NTU2NTI5MDQsImV4cCI6MTc1NTczOTMwNCwiZW1haWwiOiJ6aXZlcnRAY2FpLm1haWwuY29tIn0.GvK3Fnl57pyyrK1kTkcHpC3PzqfwTfZE8TRqfYnq6dp8oD8cZ4ftH81px5IoW7hiIUbdKeWjOnNCucX4_LHQIA]
2025-08-20 11:28:44 [http-nio-8187-exec-17] INFO  r.l.f.aspect.logging.LoggingAspect - [CONTROLLER-REQUEST] RequestId: 1af4c3c0-9e6e-4bb0-a7ee-cb63c4eaa677, HTTP-Method: GET, URL: /api/posts, Controller: ru.lomov.flashbackend.controllers.PostController.findAllPosts(), Args: [Bearer eyJhbGciOiJIUzUxMiJ9.eyJpYXQiOjE3NTU2NTI5MDQsImV4cCI6MTc1NTczOTMwNCwiZW1haWwiOiJ6aXZlcnRAY2FpLm1haWwuY29tIn0.GvK3Fnl57pyyrK1kTkcHpC3PzqfwTfZE8TRqfYnq6dp8oD8cZ4ftH81px5IoW7hiIUbdKeWjOnNCucX4_LHQIA]
2025-08-20 11:28:44 [http-nio-8187-exec-17] INFO  SECURITY - [ACCESS-ATTEMPT] User: zivert@cai.mail.com, Method: PostController.findAllPosts, IP: 0:0:0:0:0:0:0:1, User-Agent: Mozilla/5.0 (Windows NT 10.0; Win64; x64) AppleWebKit/537.36 (KHTML, like Gecko) Chrome/139.0.0.0 Safari/537.36
2025-08-20 11:28:44 [http-nio-8187-exec-17] INFO  r.l.f.aspect.logging.LoggingAspect - [SERVICE-ENTRY] RequestId: 1af4c3c0-9e6e-4bb0-a7ee-cb63c4eaa677, Method: ru.lomov.flashbackend.services.UserServiceImpl.findUserProfileByJwt(), Args: [Bearer eyJhbGciOiJIUzUxMiJ9.eyJpYXQiOjE3NTU2NTI5MDQsImV4cCI6MTc1NTczOTMwNCwiZW1haWwiOiJ6aXZlcnRAY2FpLm1haWwuY29tIn0.GvK3Fnl57pyyrK1kTkcHpC3PzqfwTfZE8TRqfYnq6dp8oD8cZ4ftH81px5IoW7hiIUbdKeWjOnNCucX4_LHQIA]
2025-08-20 11:28:44 [http-nio-8187-exec-17] INFO  r.l.f.aspect.logging.LoggingAspect - [SERVICE-ENTRY] RequestId: 1af4c3c0-9e6e-4bb0-a7ee-cb63c4eaa677, Method: ru.lomov.flashbackend.config.JwtProvider.getEmailFromToken(), Args: [Bearer eyJhbGciOiJIUzUxMiJ9.eyJpYXQiOjE3NTU2NTI5MDQsImV4cCI6MTc1NTczOTMwNCwiZW1haWwiOiJ6aXZlcnRAY2FpLm1haWwuY29tIn0.GvK3Fnl57pyyrK1kTkcHpC3PzqfwTfZE8TRqfYnq6dp8oD8cZ4ftH81px5IoW7hiIUbdKeWjOnNCucX4_LHQIA]
2025-08-20 11:28:44 [http-nio-8187-exec-17] INFO  r.l.f.aspect.logging.LoggingAspect - [SERVICE-EXIT] RequestId: 1af4c3c0-9e6e-4bb0-a7ee-cb63c4eaa677, Method: ru.lomov.flashbackend.config.JwtProvider.getEmailFromToken(), Result: zivert@cai.mail.com
2025-08-20 11:28:44 [http-nio-8187-exec-17] DEBUG r.l.f.aspect.logging.LoggingAspect - [REPOSITORY-QUERY] RequestId: 1af4c3c0-9e6e-4bb0-a7ee-cb63c4eaa677, Repository: ru.lomov.flashbackend.repositories.UserRepository.findAppUserByEmail(), Args: [zivert@cai.mail.com]
2025-08-20 11:28:44 [http-nio-8187-exec-17] DEBUG r.l.f.aspect.logging.LoggingAspect - [REPOSITORY-RESULT] RequestId: 1af4c3c0-9e6e-4bb0-a7ee-cb63c4eaa677, Repository: ru.lomov.flashbackend.repositories.UserRepository.findAppUserByEmail(), Time: 3ms, ResultCount: 1
2025-08-20 11:28:44 [http-nio-8187-exec-17] INFO  r.l.f.aspect.logging.LoggingAspect - [SERVICE-EXIT] RequestId: 1af4c3c0-9e6e-4bb0-a7ee-cb63c4eaa677, Method: ru.lomov.flashbackend.services.UserServiceImpl.findUserProfileByJwt(), Result: ru.lomov.flashbackend.entities.AppUser@5bb27629
2025-08-20 11:28:44 [http-nio-8187-exec-17] INFO  r.l.f.aspect.logging.LoggingAspect - [SERVICE-ENTRY] RequestId: 1af4c3c0-9e6e-4bb0-a7ee-cb63c4eaa677, Method: ru.lomov.flashbackend.services.PostServiceImpl.findAllPosts(), Args: []
2025-08-20 11:28:44 [http-nio-8187-exec-17] DEBUG r.l.f.aspect.logging.LoggingAspect - [REPOSITORY-QUERY] RequestId: 1af4c3c0-9e6e-4bb0-a7ee-cb63c4eaa677, Repository: ru.lomov.flashbackend.repositories.PostRepository.findAllByIsPostTrueOrderByCreatedAtAsc(), Args: []
2025-08-20 11:28:44 [http-nio-8187-exec-17] DEBUG r.l.f.aspect.logging.LoggingAspect - [REPOSITORY-RESULT] RequestId: 1af4c3c0-9e6e-4bb0-a7ee-cb63c4eaa677, Repository: ru.lomov.flashbackend.repositories.PostRepository.findAllByIsPostTrueOrderByCreatedAtAsc(), Time: 5ms, ResultCount: 10
2025-08-20 11:28:44 [http-nio-8187-exec-17] INFO  r.l.f.aspect.logging.LoggingAspect - [SERVICE-EXIT] RequestId: 1af4c3c0-9e6e-4bb0-a7ee-cb63c4eaa677, Method: ru.lomov.flashbackend.services.PostServiceImpl.findAllPosts(), Result: [ru.lomov.flashbackend.entities.Post@a3d49f2, ru.lomov.flashbackend.entities.Post@7264c305, ru.lomov.flashbackend.entities.Post@49503b06, ru.lomov.flashbackend.entities.Post@3a7b982d, ru.lomov.flashbackend.entities.Post@5ae92449, ru.lomov.flashbackend.entities.Post@e41b8fa, ru.lomov.flashbackend.entities.Post@46812a3f, ru.lomov.flashbackend.entities.Post@205d7832, ru.lomov.flashbackend.entities.Post@3385cb1c, ru.lomov.flashbackend.entities.Post@308033fe]
2025-08-20 11:28:44 [http-nio-8187-exec-17] INFO  r.l.f.aspect.logging.LoggingAspect - [CONTROLLER-RESPONSE] RequestId: 1af4c3c0-9e6e-4bb0-a7ee-cb63c4eaa677, Controller: ru.lomov.flashbackend.controllers.PostController.findAllPosts(), Status: SUCCESS, Time: 38ms
2025-08-20 11:28:44 [http-nio-8187-exec-17] DEBUG o.s.w.s.m.m.a.RequestResponseBodyMethodProcessor - Using 'application/json', given [application/json, text/plain, */*] and supported [application/json, application/*+json, application/json, application/*+json, application/cbor]
2025-08-20 11:28:44 [http-nio-8187-exec-17] TRACE o.s.w.s.m.m.a.RequestResponseBodyMethodProcessor - Writing [[PostDto(id=111, content=hkjslkdjflskdjflsdkjflsklf, image=, video=, audio=null, createdAt=2024-07-06T14:47:13.861142, modifiedAt=null, user=UserDto(id=110, firstName=Иван , lastName=Афиногенов, fullName=Афиногенов Иван , email=zivert@cai.mail.com, password=null, location=null, statement=null, website=null, birthDate=null, phoneNumber=null, profilePictureUrl=null, coverPictureUrl=null, image=null, backgroundImage=null, bio=null, gender=null, language=null, city=null, country=null, timezone=null, address=null, postalCode=null, interests=null, skills=null, education=null, occupation=null, company=null, websiteCompanyYoutube=null, websiteCompanyVk=null, websiteCompanyOk=null, websiteCompanyTelegram=null, req_user=false, followed=false, isVerified=false, login_via_google=false, login_via_vk=false, followers=[], following=[]), totalLikes=1, totalReplies=0, totalReposts=0, totalShares=0, isLiked=true, isReposted=false, isBookmarked=true, bookmarkCount=3, repostUsersId=[], replyPost=null), PostDto(id=116, content=ывоалврпщшгщшегукщлтмв, image=, video=, audio=null, createdAt=2024-07-22T15:07:44.562731, modifiedAt=null, user=UserDto(id=110, firstName=Иван , lastName=Афиногенов, fullName=Афиногенов Иван , email=zivert@cai.mail.com, password=null, location=null, statement=null, website=null, birthDate=null, phoneNumber=null, profilePictureUrl=null, coverPictureUrl=null, image=null, backgroundImage=null, bio=null, gender=null, language=null, city=null, country=null, timezone=null, address=null, postalCode=null, interests=null, skills=null, education=null, occupation=null, company=null, websiteCompanyYoutube=null, websiteCompanyVk=null, websiteCompanyOk=null, websiteCompanyTelegram=null, req_user=false, followed=false, isVerified=false, login_via_google=false, login_via_vk=false, followers=[], following=[]), totalLikes=1, totalReplies=0, totalReposts=0, totalShares=0, isLiked=true, isReposted=false, isBookmarked=true, bookmarkCount=3, repostUsersId=[], replyPost=null), PostDto(id=117, content=dkvlfdjdropogrgjjoi, image=, video=, audio=null, createdAt=2024-07-26T15:41:53.294128, modifiedAt=null, user=UserDto(id=110, firstName=Иван , lastName=Афиногенов, fullName=Афиногенов Иван , email=zivert@cai.mail.com, password=null, location=null, statement=null, website=null, birthDate=null, phoneNumber=null, profilePictureUrl=null, coverPictureUrl=null, image=null, backgroundImage=null, bio=null, gender=null, language=null, city=null, country=null, timezone=null, address=null, postalCode=null, interests=null, skills=null, education=null, occupation=null, company=null, websiteCompanyYoutube=null, websiteCompanyVk=null, websiteCompanyOk=null, websiteCompanyTelegram=null, req_user=false, followed=false, isVerified=false, login_via_google=false, login_via_vk=false, followers=[], following=[]), totalLikes=0, totalReplies=0, totalReposts=0, totalShares=0, isLiked=false, isReposted=false, isBookmarked=true, bookmarkCount=3, repostUsersId=[], replyPost=null), PostDto(id=118, content=lgl l l llg lgl llg lgl , image=, video=, audio=null, createdAt=2024-07-27T22:30:10.650353, modifiedAt=null, user=UserDto(id=110, firstName=Иван , lastName=Афиногенов, fullName=Афиногенов Иван , email=zivert@cai.mail.com, password=null, location=null, statement=null, website=null, birthDate=null, phoneNumber=null, profilePictureUrl=null, coverPictureUrl=null, image=null, backgroundImage=null, bio=null, gender=null, language=null, city=null, country=null, timezone=null, address=null, postalCode=null, interests=null, skills=null, education=null, occupation=null, company=null, websiteCompanyYoutube=null, websiteCompanyVk=null, websiteCompanyOk=null, websiteCompanyTelegram=null, req_user=false, followed=false, isVerified=false, login_via_google=false, login_via_vk=false, followers=[], following=[]), totalLikes=0, totalReplies=0, totalReposts=0, totalShares=0, isLiked=false, isReposted=false, isBookmarked=false, bookmarkCount=3, repostUsersId=[], replyPost=null), PostDto(id=123, content=vxcmnv,nxcv,, image=, video=, audio=null, createdAt=2025-02-13T12:32:26.527722, modifiedAt=null, user=UserDto(id=110, firstName=Иван , lastName=Афиногенов, fullName=Афиногенов Иван , email=zivert@cai.mail.com, password=null, location=null, statement=null, website=null, birthDate=null, phoneNumber=null, profilePictureUrl=null, coverPictureUrl=null, image=null, backgroundImage=null, bio=null, gender=null, language=null, city=null, country=null, timezone=null, address=null, postalCode=null, interests=null, skills=null, education=null, occupation=null, company=null, websiteCompanyYoutube=null, websiteCompanyVk=null, websiteCompanyOk=null, websiteCompanyTelegram=null, req_user=false, followed=false, isVerified=false, login_via_google=false, login_via_vk=false, followers=[], following=[]), totalLikes=0, totalReplies=0, totalReposts=0, totalShares=0, isLiked=false, isReposted=false, isBookmarked=false, bookmarkCount=3, repostUsersId=[], replyPost=null), PostDto(id=124, content=обложка, image=, video=, audio=null, createdAt=2025-04-01T15:09:22.539372, modifiedAt=null, user=UserDto(id=110, firstName=Иван , lastName=Афиногенов, fullName=Афиногенов Иван , email=zivert@cai.mail.com, password=null, location=null, statement=null, website=null, birthDate=null, phoneNumber=null, profilePictureUrl=null, coverPictureUrl=null, image=null, backgroundImage=null, bio=null, gender=null, language=null, city=null, country=null, timezone=null, address=null, postalCode=null, interests=null, skills=null, education=null, occupation=null, company=null, websiteCompanyYoutube=null, websiteCompanyVk=null, websiteCompanyOk=null, websiteCompanyTelegram=null, req_user=false, followed=false, isVerified=false, login_via_google=false, login_via_vk=false, followers=[], following=[]), totalLikes=0, totalReplies=0, totalReposts=0, totalShares=0, isLiked=false, isReposted=false, isBookmarked=false, bookmarkCount=3, repostUsersId=[], replyPost=null), PostDto(id=125, content=yjh, image=, video=, audio=null, createdAt=2025-04-01T15:52:02.053212, modifiedAt=null, user=UserDto(id=110, firstName=Иван , lastName=Афиногенов, fullName=Афиногенов Иван , email=zivert@cai.mail.com, password=null, location=null, statement=null, website=null, birthDate=null, phoneNumber=null, profilePictureUrl=null, coverPictureUrl=null, image=null, backgroundImage=null, bio=null, gender=null, language=null, city=null, country=null, timezone=null, address=null, postalCode=null, interests=null, skills=null, education=null, occupation=null, company=null, websiteCompanyYoutube=null, websiteCompanyVk=null, websiteCompanyOk=null, websiteCompanyTelegram=null, req_user=false, followed=false, isVerified=false, login_via_google=false, login_via_vk=false, followers=[], following=[]), totalLikes=0, totalReplies=0, totalReposts=0, totalShares=0, isLiked=false, isReposted=false, isBookmarked=false, bookmarkCount=3, repostUsersId=[], replyPost=null), PostDto(id=126, content=fv, image=, video=, audio=null, createdAt=2025-04-01T15:52:58.660847, modifiedAt=null, user=UserDto(id=110, firstName=Иван , lastName=Афиногенов, fullName=Афиногенов Иван , email=zivert@cai.mail.com, password=null, location=null, statement=null, website=null, birthDate=null, phoneNumber=null, profilePictureUrl=null, coverPictureUrl=null, image=null, backgroundImage=null, bio=null, gender=null, language=null, city=null, country=null, timezone=null, address=null, postalCode=null, interests=null, skills=null, education=null, occupation=null, company=null, websiteCompanyYoutube=null, websiteCompanyVk=null, websiteCompanyOk=null, websiteCompanyTelegram=null, req_user=false, followed=false, isVerified=false, login_via_google=false, login_via_vk=false, followers=[], following=[]), totalLikes=0, totalReplies=0, totalReposts=0, totalShares=0, isLiked=false, isReposted=false, isBookmarked=false, bookmarkCount=3, repostUsersId=[], replyPost=null), PostDto(id=128, content=yuyiuyiy, image=, video=, audio=null, createdAt=2025-08-19T20:56:04.200513, modifiedAt=null, user=UserDto(id=110, firstName=Иван , lastName=Афиногенов, fullName=Афиногенов Иван , email=zivert@cai.mail.com, password=null, location=null, statement=null, website=null, birthDate=null, phoneNumber=null, profilePictureUrl=null, coverPictureUrl=null, image=null, backgroundImage=null, bio=null, gender=null, language=null, city=null, country=null, timezone=null, address=null, postalCode=null, interests=null, skills=null, education=null, occupation=null, company=null, websiteCompanyYoutube=null, websiteCompanyVk=null, websiteCompanyOk=null, websiteCompanyTelegram=null, req_user=false, followed=false, isVerified=false, login_via_google=false, login_via_vk=false, followers=[], following=[]), totalLikes=0, totalReplies=0, totalReposts=0, totalShares=0, isLiked=false, isReposted=false, isBookmarked=false, bookmarkCount=3, repostUsersId=[], replyPost=null), PostDto(id=129, content=kljklj, image=, video=, audio=null, createdAt=2025-08-20T11:02:36.369141, modifiedAt=null, user=UserDto(id=110, firstName=Иван , lastName=Афиногенов, fullName=Афиногенов Иван , email=zivert@cai.mail.com, password=null, location=null, statement=null, website=null, birthDate=null, phoneNumber=null, profilePictureUrl=null, coverPictureUrl=null, image=null, backgroundImage=null, bio=null, gender=null, language=null, city=null, country=null, timezone=null, address=null, postalCode=null, interests=null, skills=null, education=null, occupation=null, company=null, websiteCompanyYoutube=null, websiteCompanyVk=null, websiteCompanyOk=null, websiteCompanyTelegram=null, req_user=false, followed=false, isVerified=false, login_via_google=false, login_via_vk=false, followers=[], following=[]), totalLikes=0, totalReplies=0, totalReposts=0, totalShares=0, isLiked=false, isReposted=false, isBookmarked=false, bookmarkCount=3, repostUsersId=[], replyPost=null)]]
2025-08-20 11:28:44 [http-nio-8187-exec-17] TRACE o.s.web.servlet.DispatcherServlet - No view rendering, null ModelAndView returned.
2025-08-20 11:28:44 [http-nio-8187-exec-17] DEBUG o.s.web.servlet.DispatcherServlet - Completed 200 OK, headers={masked}
2025-08-20 11:30:36 [http-nio-8187-exec-20] TRACE o.s.web.servlet.DispatcherServlet - GET "/auth/signIn", parameters={}, headers={masked} in DispatcherServlet 'dispatcherServlet'
2025-08-20 11:30:37 [http-nio-8187-exec-20] WARN  o.s.w.s.m.s.DefaultHandlerExceptionResolver - Resolved [org.springframework.web.HttpRequestMethodNotSupportedException: Request method 'GET' not supported]
2025-08-20 11:30:37 [http-nio-8187-exec-20] TRACE o.s.web.servlet.DispatcherServlet - No view rendering, null ModelAndView returned.
2025-08-20 11:30:37 [http-nio-8187-exec-20] DEBUG o.s.web.servlet.DispatcherServlet - Completed 405 METHOD_NOT_ALLOWED, headers={masked}
2025-08-20 11:30:37 [http-nio-8187-exec-20] TRACE o.s.web.servlet.DispatcherServlet - "ERROR" dispatch for GET "/error", parameters={}, headers={masked} in DispatcherServlet 'dispatcherServlet'
2025-08-20 11:30:37 [http-nio-8187-exec-20] TRACE o.s.w.s.m.m.a.RequestMappingHandlerMapping - 2 matching mappings: [{ [/error]}, { [/error], produces [text/html]}]
2025-08-20 11:30:37 [http-nio-8187-exec-20] TRACE o.s.w.s.m.m.a.RequestMappingHandlerMapping - Mapped to org.springframework.boot.autoconfigure.web.servlet.error.BasicErrorController#error(HttpServletRequest)
2025-08-20 11:30:38 [http-nio-8187-exec-20] TRACE o.s.web.method.HandlerMethod - Arguments: [SecurityContextHolderAwareRequestWrapper[ FirewalledRequest[ org.apache.catalina.core.ApplicationHttpRequest@5234a689]]]
2025-08-20 11:30:38 [http-nio-8187-exec-20] DEBUG o.s.w.s.m.m.a.HttpEntityMethodProcessor - Using 'application/json', given [application/json, text/plain, */*] and supported [application/json, application/*+json, application/json, application/*+json, application/cbor]
2025-08-20 11:30:38 [http-nio-8187-exec-20] TRACE o.s.w.s.m.m.a.HttpEntityMethodProcessor - Writing [{timestamp=Wed Aug 20 11:30:38 VLAT 2025, status=405, error=Method Not Allowed, trace=org.springframework.web.HttpRequestMethodNotSupportedException: Request method 'GET' not supported
	at org.springframework.web.servlet.mvc.method.RequestMappingInfoHandlerMapping.handleNoMatch(RequestMappingInfoHandlerMapping.java:253)
	at org.springframework.web.servlet.handler.AbstractHandlerMethodMapping.lookupHandlerMethod(AbstractHandlerMethodMapping.java:442)
	at org.springframework.web.servlet.handler.AbstractHandlerMethodMapping.getHandlerInternal(AbstractHandlerMethodMapping.java:383)
	at org.springframework.web.servlet.mvc.method.RequestMappingInfoHandlerMapping.getHandlerInternal(RequestMappingInfoHandlerMapping.java:125)
	at org.springframework.web.servlet.mvc.method.RequestMappingInfoHandlerMapping.getHandlerInternal(RequestMappingInfoHandlerMapping.java:67)
	at org.springframework.web.servlet.handler.AbstractHandlerMapping.getHandler(AbstractHandlerMapping.java:498)
	at org.springframework.web.servlet.DispatcherServlet.getHandler(DispatcherServlet.java:1265)
	at org.springframework.web.servlet.DispatcherServlet.doDispatch(DispatcherServlet.java:1047)
	at org.springframework.web.servlet.DispatcherServlet.doService(DispatcherServlet.java:964)
	at org.springframework.web.servlet.FrameworkServlet.processRequest(FrameworkServlet.java:1006)
	at org.springframework.web.servlet.FrameworkServlet.doGet(FrameworkServlet.java:898)
	at javax.servlet.http.HttpServlet.service(HttpServlet.java:655)
	at org.springframework.web.servlet.FrameworkServlet.service(FrameworkServlet.java:883)
	at javax.servlet.http.HttpServlet.service(HttpServlet.java:764)
	at org.apache.catalina.core.ApplicationFilterChain.internalDoFilter(ApplicationFilterChain.java:227)
	at org.apache.catalina.core.ApplicationFilterChain.doFilter(ApplicationFilterChain.java:162)
	at org.apache.tomcat.websocket.server.WsFilter.doFilter(WsFilter.java:53)
	at org.apache.catalina.core.ApplicationFilterChain.internalDoFilter(ApplicationFilterChain.java:189)
	at org.apache.catalina.core.ApplicationFilterChain.doFilter(ApplicationFilterChain.java:162)
	at org.springframework.security.web.FilterChainProxy$VirtualFilterChain.doFilter(FilterChainProxy.java:337)
	at org.springframework.security.web.access.intercept.AuthorizationFilter.doFilterInternal(AuthorizationFilter.java:73)
	at org.springframework.web.filter.OncePerRequestFilter.doFilter(OncePerRequestFilter.java:117)
	at org.springframework.security.web.FilterChainProxy$VirtualFilterChain.doFilter(FilterChainProxy.java:346)
	at org.springframework.security.web.access.ExceptionTranslationFilter.doFilter(ExceptionTranslationFilter.java:122)
	at org.springframework.security.web.access.ExceptionTranslationFilter.doFilter(ExceptionTranslationFilter.java:116)
	at org.springframework.security.web.FilterChainProxy$VirtualFilterChain.doFilter(FilterChainProxy.java:346)
	at org.springframework.security.web.session.SessionManagementFilter.doFilter(SessionManagementFilter.java:126)
	at org.springframework.security.web.session.SessionManagementFilter.doFilter(SessionManagementFilter.java:81)
	at org.springframework.security.web.FilterChainProxy$VirtualFilterChain.doFilter(FilterChainProxy.java:346)
	at org.springframework.security.web.authentication.AnonymousAuthenticationFilter.doFilter(AnonymousAuthenticationFilter.java:109)
	at org.springframework.security.web.FilterChainProxy$VirtualFilterChain.doFilter(FilterChainProxy.java:346)
	at org.springframework.security.web.servletapi.SecurityContextHolderAwareRequestFilter.doFilter(SecurityContextHolderAwareRequestFilter.java:149)
	at org.springframework.security.web.FilterChainProxy$VirtualFilterChain.doFilter(FilterChainProxy.java:346)
	at org.springframework.security.web.savedrequest.RequestCacheAwareFilter.doFilter(RequestCacheAwareFilter.java:63)
	at org.springframework.security.web.FilterChainProxy$VirtualFilterChain.doFilter(FilterChainProxy.java:346)
	at ru.lomov.flashbackend.config.JwtTokenValidator.doFilterInternal(JwtTokenValidator.java:43)
	at org.springframework.web.filter.OncePerRequestFilter.doFilter(OncePerRequestFilter.java:117)
	at org.springframework.security.web.FilterChainProxy$VirtualFilterChain.doFilter(FilterChainProxy.java:346)
	at org.springframework.web.filter.CorsFilter.doFilterInternal(CorsFilter.java:91)
	at org.springframework.web.filter.OncePerRequestFilter.doFilter(OncePerRequestFilter.java:117)
	at org.springframework.security.web.FilterChainProxy$VirtualFilterChain.doFilter(FilterChainProxy.java:346)
	at org.springframework.security.web.header.HeaderWriterFilter.doHeadersAfter(HeaderWriterFilter.java:90)
	at org.springframework.security.web.header.HeaderWriterFilter.doFilterInternal(HeaderWriterFilter.java:75)
	at org.springframework.web.filter.OncePerRequestFilter.doFilter(OncePerRequestFilter.java:117)
	at org.springframework.security.web.FilterChainProxy$VirtualFilterChain.doFilter(FilterChainProxy.java:346)
	at org.springframework.security.web.context.SecurityContextPersistenceFilter.doFilter(SecurityContextPersistenceFilter.java:112)
	at org.springframework.security.web.context.SecurityContextPersistenceFilter.doFilter(SecurityContextPersistenceFilter.java:82)
	at org.springframework.security.web.FilterChainProxy$VirtualFilterChain.doFilter(FilterChainProxy.java:346)
	at org.springframework.security.web.context.request.async.WebAsyncManagerIntegrationFilter.doFilterInternal(WebAsyncManagerIntegrationFilter.java:55)
	at org.springframework.web.filter.OncePerRequestFilter.doFilter(OncePerRequestFilter.java:117)
	at org.springframework.security.web.FilterChainProxy$VirtualFilterChain.doFilter(FilterChainProxy.java:346)
	at org.springframework.security.web.session.DisableEncodeUrlFilter.doFilterInternal(DisableEncodeUrlFilter.java:42)
	at org.springframework.web.filter.OncePerRequestFilter.doFilter(OncePerRequestFilter.java:117)
	at org.springframework.security.web.FilterChainProxy$VirtualFilterChain.doFilter(FilterChainProxy.java:346)
	at org.springframework.security.web.FilterChainProxy.doFilterInternal(FilterChainProxy.java:221)
	at org.springframework.security.web.FilterChainProxy.doFilter(FilterChainProxy.java:186)
	at org.springframework.web.filter.DelegatingFilterProxy.invokeDelegate(DelegatingFilterProxy.java:354)
	at org.springframework.web.filter.DelegatingFilterProxy.doFilter(DelegatingFilterProxy.java:267)
	at org.apache.catalina.core.ApplicationFilterChain.internalDoFilter(ApplicationFilterChain.java:189)
	at org.apache.catalina.core.ApplicationFilterChain.doFilter(ApplicationFilterChain.java:162)
	at org.springframework.web.filter.RequestContextFilter.doFilterInternal(RequestContextFilter.java:100)
	at org.springframework.web.filter.OncePerRequestFilter.doFilter(OncePerRequestFilter.java:117)
	at org.apache.catalina.core.ApplicationFilterChain.internalDoFilter(ApplicationFilterChain.java:189)
	at org.apache.catalina.core.ApplicationFilterChain.doFilter(ApplicationFilterChain.java:162)
	at org.springframework.web.filter.FormContentFilter.doFilterInternal(FormContentFilter.java:93)
	at org.springframework.web.filter.OncePerRequestFilter.doFilter(OncePerRequestFilter.java:117)
	at org.apache.catalina.core.ApplicationFilterChain.internalDoFilter(ApplicationFilterChain.java:189)
	at org.apache.catalina.core.ApplicationFilterChain.doFilter(ApplicationFilterChain.java:162)
	at org.springframework.web.filter.CharacterEncodingFilter.doFilterInternal(CharacterEncodingFilter.java:201)
	at org.springframework.web.filter.OncePerRequestFilter.doFilter(OncePerRequestFilter.java:117)
	at org.apache.catalina.core.ApplicationFilterChain.internalDoFilter(ApplicationFilterChain.java:189)
	at org.apache.catalina.core.ApplicationFilterChain.doFilter(ApplicationFilterChain.java:162)
	at org.apache.catalina.core.StandardWrapperValve.invoke(StandardWrapperValve.java:197)
	at org.apache.catalina.core.StandardContextValve.invoke(StandardContextValve.java:97)
	at org.apache.catalina.authenticator.AuthenticatorBase.invoke(AuthenticatorBase.java:541)
	at org.apache.catalina.core.StandardHostValve.invoke(StandardHostValve.java:135)
	at org.apache.catalina.valves.ErrorReportValve.invoke(ErrorReportValve.java:92)
	at org.apache.catalina.core.StandardEngineValve.invoke(StandardEngineValve.java:78)
	at org.apache.catalina.connector.CoyoteAdapter.service(CoyoteAdapter.java:360)
	at org.apache.coyote.http11.Http11Processor.service(Http11Processor.java:399)
	at org.apache.coyote.AbstractProcessorLight.process(AbstractProcessorLight.java:65)
	at org.apache.coyote.AbstractProtocol$ConnectionHandler.process(AbstractProtocol.java:890)
	at org.apache.tomcat.util.net.NioEndpoint$SocketProcessor.doRun(NioEndpoint.java:1789)
	at org.apache.tomcat.util.net.SocketProcessorBase.run(SocketProcessorBase.java:49)
	at org.apache.tomcat.util.threads.ThreadPoolExecutor.runWorker(ThreadPoolExecutor.java:1191)
	at org.apache.tomcat.util.threads.ThreadPoolExecutor$Worker.run(ThreadPoolExecutor.java:659)
	at org.apache.tomcat.util.threads.TaskThread$WrappingRunnable.run(TaskThread.java:61)
	at java.base/java.lang.Thread.run(Thread.java:840)
, message=Request method 'GET' not supported, path=/auth/signIn}]
2025-08-20 11:30:39 [http-nio-8187-exec-20] TRACE o.s.web.servlet.DispatcherServlet - No view rendering, null ModelAndView returned.
2025-08-20 11:30:39 [http-nio-8187-exec-20] DEBUG o.s.web.servlet.DispatcherServlet - Exiting from "ERROR" dispatch, status 405, headers={masked}
2025-08-20 11:58:00 [restartedMain] INFO  r.l.f.FlashBackendApplication - Starting FlashBackendApplication using Java 17.0.13 on WIN-UN3TDHLUABS with PID 10976 (C:\Папка Папок\flash-spring\flash-backend\target\classes started by lomov in C:\Папка Папок\flash-spring)
2025-08-20 11:58:00 [restartedMain] DEBUG r.l.f.FlashBackendApplication - Running with Spring Boot v2.7.4, Spring v5.3.23
2025-08-20 11:58:00 [restartedMain] INFO  r.l.f.FlashBackendApplication - No active profile set, falling back to 1 default profile: "default"
2025-08-20 11:58:01 [restartedMain] INFO  o.s.b.d.e.DevToolsPropertyDefaultsPostProcessor - Devtools property defaults active! Set 'spring.devtools.add-properties' to 'false' to disable
2025-08-20 11:58:18 [restartedMain] INFO  o.s.d.r.c.RepositoryConfigurationDelegate - Multiple Spring Data modules found, entering strict repository configuration mode
2025-08-20 11:58:18 [restartedMain] INFO  o.s.d.r.c.RepositoryConfigurationDelegate - Bootstrapping Spring Data JDBC repositories in DEFAULT mode.
2025-08-20 11:58:19 [restartedMain] INFO  o.s.d.r.c.RepositoryConfigurationExtensionSupport - Spring Data JDBC - Could not safely identify store assignment for repository candidate interface ru.lomov.flashbackend.repositories.AchievementRepository; If you want this repository to be a JDBC repository, consider annotating your entities with one of these annotations: org.springframework.data.relational.core.mapping.Table.
2025-08-20 11:58:19 [restartedMain] INFO  o.s.d.r.c.RepositoryConfigurationExtensionSupport - Spring Data JDBC - Could not safely identify store assignment for repository candidate interface ru.lomov.flashbackend.repositories.CommentRepository; If you want this repository to be a JDBC repository, consider annotating your entities with one of these annotations: org.springframework.data.relational.core.mapping.Table.
2025-08-20 11:58:19 [restartedMain] INFO  o.s.d.r.c.RepositoryConfigurationExtensionSupport - Spring Data JDBC - Could not safely identify store assignment for repository candidate interface ru.lomov.flashbackend.repositories.LikeRepository; If you want this repository to be a JDBC repository, consider annotating your entities with one of these annotations: org.springframework.data.relational.core.mapping.Table.
2025-08-20 11:58:19 [restartedMain] INFO  o.s.d.r.c.RepositoryConfigurationExtensionSupport - Spring Data JDBC - Could not safely identify store assignment for repository candidate interface ru.lomov.flashbackend.repositories.MediaFileRepository; If you want this repository to be a JDBC repository, consider annotating your entities with one of these annotations: org.springframework.data.relational.core.mapping.Table.
2025-08-20 11:58:19 [restartedMain] INFO  o.s.d.r.c.RepositoryConfigurationExtensionSupport - Spring Data JDBC - Could not safely identify store assignment for repository candidate interface ru.lomov.flashbackend.repositories.PostRepository; If you want this repository to be a JDBC repository, consider annotating your entities with one of these annotations: org.springframework.data.relational.core.mapping.Table.
2025-08-20 11:58:19 [restartedMain] INFO  o.s.d.r.c.RepositoryConfigurationExtensionSupport - Spring Data JDBC - Could not safely identify store assignment for repository candidate interface ru.lomov.flashbackend.repositories.RoleRepository; If you want this repository to be a JDBC repository, consider annotating your entities with one of these annotations: org.springframework.data.relational.core.mapping.Table.
2025-08-20 11:58:19 [restartedMain] INFO  o.s.d.r.c.RepositoryConfigurationExtensionSupport - Spring Data JDBC - Could not safely identify store assignment for repository candidate interface ru.lomov.flashbackend.repositories.ShareRepository; If you want this repository to be a JDBC repository, consider annotating your entities with one of these annotations: org.springframework.data.relational.core.mapping.Table.
2025-08-20 11:58:19 [restartedMain] INFO  o.s.d.r.c.RepositoryConfigurationExtensionSupport - Spring Data JDBC - Could not safely identify store assignment for repository candidate interface ru.lomov.flashbackend.repositories.UserRepository; If you want this repository to be a JDBC repository, consider annotating your entities with one of these annotations: org.springframework.data.relational.core.mapping.Table.
2025-08-20 11:58:19 [restartedMain] INFO  o.s.d.r.c.RepositoryConfigurationDelegate - Finished Spring Data repository scanning in 950 ms. Found 0 JDBC repository interfaces.
2025-08-20 11:58:19 [restartedMain] INFO  o.s.d.r.c.RepositoryConfigurationDelegate - Multiple Spring Data modules found, entering strict repository configuration mode
2025-08-20 11:58:19 [restartedMain] INFO  o.s.d.r.c.RepositoryConfigurationDelegate - Bootstrapping Spring Data JPA repositories in DEFAULT mode.
2025-08-20 11:58:20 [restartedMain] INFO  o.s.d.r.c.RepositoryConfigurationDelegate - Finished Spring Data repository scanning in 770 ms. Found 8 JPA repository interfaces.
2025-08-20 11:58:36 [restartedMain] INFO  o.s.b.w.e.tomcat.TomcatWebServer - Tomcat initialized with port(s): 8187 (http)
2025-08-20 11:58:36 [restartedMain] INFO  o.a.catalina.core.StandardService - Starting service [Tomcat]
2025-08-20 11:58:36 [restartedMain] INFO  o.a.catalina.core.StandardEngine - Starting Servlet engine: [Apache Tomcat/9.0.65]
2025-08-20 11:58:37 [restartedMain] INFO  o.a.c.c.C.[Tomcat].[localhost].[/] - Initializing Spring embedded WebApplicationContext
2025-08-20 11:58:37 [restartedMain] INFO  o.s.b.w.s.c.ServletWebServerApplicationContext - Root WebApplicationContext: initialization completed in 35834 ms
2025-08-20 11:58:37 [restartedMain] TRACE o.s.b.w.s.ServletContextInitializerBeans - Added existing Filter initializer bean 'securityFilterChainRegistration'; order=-100, resource=class path resource [org/springframework/boot/autoconfigure/security/servlet/SecurityFilterAutoConfiguration.class]
2025-08-20 11:58:37 [restartedMain] TRACE o.s.b.w.s.ServletContextInitializerBeans - Added existing Servlet initializer bean 'dispatcherServletRegistration'; order=2147483647, resource=class path resource [org/springframework/boot/autoconfigure/web/servlet/DispatcherServletAutoConfiguration$DispatcherServletRegistrationConfiguration.class]
2025-08-20 11:58:37 [restartedMain] TRACE o.s.b.w.s.ServletContextInitializerBeans - Added existing Filter initializer bean 'errorPageSecurityFilter'; order=2147483647, resource=class path resource [org/springframework/boot/autoconfigure/security/servlet/SpringBootWebSecurityConfiguration$ErrorPageSecurityFilterConfiguration.class]
2025-08-20 11:58:37 [restartedMain] TRACE o.s.b.w.s.ServletContextInitializerBeans - Created Filter initializer for bean 'characterEncodingFilter'; order=-2147483648, resource=class path resource [org/springframework/boot/autoconfigure/web/servlet/HttpEncodingAutoConfiguration.class]
2025-08-20 11:58:37 [restartedMain] TRACE o.s.b.w.s.ServletContextInitializerBeans - Created Filter initializer for bean 'formContentFilter'; order=-9900, resource=class path resource [org/springframework/boot/autoconfigure/web/servlet/WebMvcAutoConfiguration.class]
2025-08-20 11:58:37 [restartedMain] TRACE o.s.b.w.s.ServletContextInitializerBeans - Created Filter initializer for bean 'requestContextFilter'; order=-105, resource=class path resource [org/springframework/boot/autoconfigure/web/servlet/WebMvcAutoConfiguration$WebMvcAutoConfigurationAdapter.class]
2025-08-20 11:58:37 [restartedMain] DEBUG o.s.b.w.s.ServletContextInitializerBeans - Mapping filters: springSecurityFilterChain urls=[/*] order=-100, filterRegistrationBean urls=[/*] order=2147483647, characterEncodingFilter urls=[/*] order=-2147483648, formContentFilter urls=[/*] order=-9900, requestContextFilter urls=[/*] order=-105
2025-08-20 11:58:37 [restartedMain] DEBUG o.s.b.w.s.ServletContextInitializerBeans - Mapping servlets: dispatcherServlet urls=[/]
2025-08-20 11:58:39 [restartedMain] INFO  o.h.jpa.internal.util.LogHelper - HHH000204: Processing PersistenceUnitInfo [name: default]
2025-08-20 11:58:39 [restartedMain] INFO  org.hibernate.Version - HHH000412: Hibernate ORM core version 5.6.11.Final
2025-08-20 11:58:41 [restartedMain] INFO  o.h.annotations.common.Version - HCANN000001: Hibernate Commons Annotations {5.1.2.Final}
2025-08-20 11:58:41 [restartedMain] INFO  com.zaxxer.hikari.HikariDataSource - HikariPool-1 - Starting...
2025-08-20 11:58:45 [restartedMain] INFO  com.zaxxer.hikari.HikariDataSource - HikariPool-1 - Start completed.
2025-08-20 11:58:46 [restartedMain] INFO  org.hibernate.dialect.Dialect - HHH000400: Using dialect: org.hibernate.dialect.PostgreSQL10Dialect
2025-08-20 11:58:53 [restartedMain] INFO  o.h.e.t.j.p.i.JtaPlatformInitiator - HHH000490: Using JtaPlatform implementation: [org.hibernate.engine.transaction.jta.platform.internal.NoJtaPlatform]
2025-08-20 11:58:53 [restartedMain] INFO  o.s.o.j.LocalContainerEntityManagerFactoryBean - Initialized JPA EntityManagerFactory for persistence unit 'default'
2025-08-20 11:59:14 [restartedMain] INFO  o.s.s.web.DefaultSecurityFilterChain - Will secure any request with [org.springframework.security.web.session.DisableEncodeUrlFilter@7f518fb9, org.springframework.security.web.context.request.async.WebAsyncManagerIntegrationFilter@15048b87, org.springframework.security.web.context.SecurityContextPersistenceFilter@40860767, org.springframework.security.web.header.HeaderWriterFilter@7623e79d, org.springframework.web.filter.CorsFilter@21c0d906, ru.lomov.flashbackend.config.JwtTokenValidator@6f6446cd, org.springframework.security.web.savedrequest.RequestCacheAwareFilter@82634fd, org.springframework.security.web.servletapi.SecurityContextHolderAwareRequestFilter@57b703a0, org.springframework.security.web.authentication.AnonymousAuthenticationFilter@1c3b20df, org.springframework.security.web.session.SessionManagementFilter@1a45cdb2, org.springframework.security.web.access.ExceptionTranslationFilter@3f3928bd, org.springframework.security.web.access.intercept.AuthorizationFilter@6516f0d8]
2025-08-20 11:59:14 [restartedMain] WARN  o.s.b.a.o.j.JpaBaseConfiguration$JpaWebConfiguration - spring.jpa.open-in-view is enabled by default. Therefore, database queries may be performed during view rendering. Explicitly configure spring.jpa.open-in-view to disable this warning
2025-08-20 11:59:16 [restartedMain] DEBUG o.s.w.s.m.m.a.RequestMappingHandlerAdapter - ControllerAdvice beans: 0 @ModelAttribute, 0 @InitBinder, 1 RequestBodyAdvice, 1 ResponseBodyAdvice
2025-08-20 11:59:16 [restartedMain] TRACE o.s.w.s.m.m.a.RequestMappingHandlerMapping - 
	r.l.f.c.AuthController:
	{POST [/auth/signIn]}: signIn(AppUser)
	{POST [/auth/signup]}: registerUser(AppUser)
2025-08-20 11:59:16 [restartedMain] TRACE o.s.w.s.m.m.a.RequestMappingHandlerMapping - 
	r.l.f.c.CommentController:
	{GET [/api/comments/{id}]}: getComment(Long)
	{POST [/api/comments]}: createComment(Comment,String)
	{POST [/api/comments/reply]}: createReply(CommentReplyRequest,String)
	{GET [/api/comments]}: getComments()
	{DELETE [/api/comments/{id}]}: deleteComment(Long)
2025-08-20 11:59:16 [restartedMain] TRACE o.s.w.s.m.m.a.RequestMappingHandlerMapping - 
	r.l.f.c.HealthController:
	{GET [/api/health]}: getHealth()
	{GET [/api/health/status]}: getStatus()
2025-08-20 11:59:16 [restartedMain] TRACE o.s.w.s.m.m.a.RequestMappingHandlerMapping - 
	r.l.f.c.HomeController:
	{GET [/]}: greetingHandler()
2025-08-20 11:59:16 [restartedMain] TRACE o.s.w.s.m.m.a.RequestMappingHandlerMapping - 
	r.l.f.c.LikeController:
	{POST [/api/{postId}/like]}: likePost(Long,String)
	{POST [/api/post/{postId}]}: getAllLikes(Long,String)
2025-08-20 11:59:16 [restartedMain] TRACE o.s.w.s.m.m.a.RequestMappingHandlerMapping - 
	r.l.f.c.MediaFileController:
	{GET [/api/files/{fileId}]}: getFile(Long,Authentication)
	{GET [/api/files/url/{fileId}]}: getFileUrl(Long,Authentication)
	{POST [/api/files/upload]}: uploadFile(MultipartFile,Authentication)
	{GET [/api/files/user]}: getUserFiles(Authentication)
	{DELETE [/api/files/{fileId}]}: deleteFile(Long,Authentication)
	{GET [/api/files/user/paged]}: getUserFilesPaged(Pageable,Authentication)
	{GET [/api/files/download/{fileId}]}: downloadFile(Long,Authentication)
	{GET [/api/files/search]}: searchFiles(String,Authentication)
2025-08-20 11:59:16 [restartedMain] TRACE o.s.w.s.m.m.a.RequestMappingHandlerMapping - 
	r.l.f.c.PostController:
	{DELETE [/api/posts/{postId}]}: delete(Long,String)
	{PUT [/api/posts/{postId}/save]}: save(Long,String)
	{POST [/api/posts/reply]}: createReply(PostReplyRequest,String)
	{POST [/api/posts]}: createPost(Post,String)
	{PUT [/api/posts/{postId}/repost]}: repost(Long,String)
	{GET [/api/posts]}: findAllPosts(String)
	{GET [/api/posts/user/{userId}]}: findAllUsersPost(Long,String)
	{GET [/api/posts/{postId}]}: findPostByPostId(Long,String)
	{POST [/api/posts/upload]}: uploadImage(MultipartFile)
	{GET [/api/posts/user/bookmarks]}: findPostByBookmarksContainsUser(String)
	{GET [/api/posts/user/{userId}/likes]}: findPostByLikesContainsUser(Long,String)
	{GET [/api/posts/user/{userId}/replies]}: findPostByRepliesContainsUser(Long,String)
2025-08-20 11:59:16 [restartedMain] TRACE o.s.w.s.m.m.a.RequestMappingHandlerMapping - 
	r.l.f.c.RoleController:
	{DELETE [/api/roles/users/{userId}/roles/{roleId}]}: removeRoleFromUser(Long,Long)
	{GET [/api/roles/{id}]}: getRoleById(Long)
	{DELETE [/api/roles/{id}]}: deleteRole(Long)
	{POST [/api/roles/users/{userId}/roles]}: assignRoleToUser(Long,Role)
	{POST [/api/roles]}: createRole(Role)
	{GET [/api/roles/users/{userId}/roles]}: getRolesByUserId(Long)
	{PUT [/api/roles/{id}]}: updateRole(Long,Role)
	{GET [/api/roles]}: getAllRoles()
2025-08-20 11:59:16 [restartedMain] TRACE o.s.w.s.m.m.a.RequestMappingHandlerMapping - 
	r.l.f.c.ShareController:
	{POST [/api/{postId}/share]}: sharePost(Long,String)
	{GET [/api/{userId}/friends]}: getUserFriends(Long,String)
	{POST [/api/post/share/{postId}]}: getAllShares(Long,String)
	{POST [/api/{postId}/share-with-friends]}: sharePostWithFriends(Long,ShareWithFriendsDto,String)
2025-08-20 11:59:16 [restartedMain] TRACE o.s.w.s.m.m.a.RequestMappingHandlerMapping - 
	r.l.f.c.UserController:
	{PUT [/api/users/{userId}/follow]}: followUser(Long,String)
	{PUT [/api/users]}: updateUser(AppUser,String)
	{DELETE [/api/users/{userId}]}: deleteUser(Long,String)
	{GET [/api/users/{userId}]}: getUserById(Long,String)
	{GET [/api/users/profile]}: getUserProfile(String)
	{PUT [/api/users/{userId}/unfollow]}: unfollowUser(Long,String)
2025-08-20 11:59:16 [restartedMain] TRACE o.s.w.s.m.m.a.RequestMappingHandlerMapping - 
	o.s.b.a.w.s.e.BasicErrorController:
	{ [/error]}: error(HttpServletRequest)
	{ [/error], produces [text/html]}: errorHtml(HttpServletRequest,HttpServletResponse)
2025-08-20 11:59:16 [restartedMain] DEBUG o.s.w.s.m.m.a.RequestMappingHandlerMapping - 52 mappings in 'requestMappingHandlerMapping'
2025-08-20 11:59:16 [restartedMain] DEBUG o.s.w.s.h.BeanNameUrlHandlerMapping - Detected 0 mappings in 'beanNameHandlerMapping'
2025-08-20 11:59:16 [restartedMain] TRACE o.s.w.s.f.s.RouterFunctionMapping - 0 RouterFunction(s) in 'routerFunctionMapping'
2025-08-20 11:59:16 [restartedMain] TRACE o.s.w.s.h.SimpleUrlHandlerMapping - Mapped [/webjars/**] onto ResourceHttpRequestHandler [classpath [META-INF/resources/webjars/]]
2025-08-20 11:59:16 [restartedMain] TRACE o.s.w.s.h.SimpleUrlHandlerMapping - Mapped [/**] onto ResourceHttpRequestHandler [classpath [META-INF/resources/], classpath [resources/], classpath [static/], classpath [public/], ServletContext [/]]
2025-08-20 11:59:16 [restartedMain] DEBUG o.s.w.s.h.SimpleUrlHandlerMapping - Patterns [/webjars/**, /**] in 'resourceHandlerMapping'
2025-08-20 11:59:17 [restartedMain] DEBUG o.s.w.s.m.m.a.ExceptionHandlerExceptionResolver - ControllerAdvice beans: 1 @ExceptionHandler, 1 ResponseBodyAdvice
2025-08-20 11:59:22 [restartedMain] INFO  o.s.b.d.a.OptionalLiveReloadServer - LiveReload server is running on port 35729
2025-08-20 11:59:23 [restartedMain] INFO  o.s.b.w.e.tomcat.TomcatWebServer - Tomcat started on port(s): 8187 (http) with context path ''
2025-08-20 11:59:23 [restartedMain] INFO  r.l.f.FlashBackendApplication - Started FlashBackendApplication in 91.573 seconds (JVM running for 137.902)
2025-08-20 12:06:23 [SpringApplicationShutdownHook] INFO  o.s.o.j.LocalContainerEntityManagerFactoryBean - Closing JPA EntityManagerFactory for persistence unit 'default'
2025-08-20 12:06:23 [SpringApplicationShutdownHook] INFO  com.zaxxer.hikari.HikariDataSource - HikariPool-1 - Shutdown initiated...
2025-08-20 12:06:23 [SpringApplicationShutdownHook] INFO  com.zaxxer.hikari.HikariDataSource - HikariPool-1 - Shutdown completed.
2025-08-20 13:03:58 [restartedMain] INFO  r.l.f.FlashBackendApplication - Starting FlashBackendApplication using Java 17.0.13 on WIN-UN3TDHLUABS with PID 14048 (C:\Папка Папок\flash-spring\flash-backend\target\classes started by lomov in C:\Папка Папок\flash-spring)
2025-08-20 13:03:58 [restartedMain] DEBUG r.l.f.FlashBackendApplication - Running with Spring Boot v2.7.4, Spring v5.3.23
2025-08-20 13:03:58 [restartedMain] INFO  r.l.f.FlashBackendApplication - No active profile set, falling back to 1 default profile: "default"
2025-08-20 13:03:58 [restartedMain] INFO  o.s.b.d.e.DevToolsPropertyDefaultsPostProcessor - Devtools property defaults active! Set 'spring.devtools.add-properties' to 'false' to disable
2025-08-20 13:03:59 [restartedMain] INFO  o.s.d.r.c.RepositoryConfigurationDelegate - Multiple Spring Data modules found, entering strict repository configuration mode
2025-08-20 13:03:59 [restartedMain] INFO  o.s.d.r.c.RepositoryConfigurationDelegate - Bootstrapping Spring Data JDBC repositories in DEFAULT mode.
2025-08-20 13:03:59 [restartedMain] INFO  o.s.d.r.c.RepositoryConfigurationExtensionSupport - Spring Data JDBC - Could not safely identify store assignment for repository candidate interface ru.lomov.flashbackend.repositories.AchievementRepository; If you want this repository to be a JDBC repository, consider annotating your entities with one of these annotations: org.springframework.data.relational.core.mapping.Table.
2025-08-20 13:03:59 [restartedMain] INFO  o.s.d.r.c.RepositoryConfigurationExtensionSupport - Spring Data JDBC - Could not safely identify store assignment for repository candidate interface ru.lomov.flashbackend.repositories.CommentRepository; If you want this repository to be a JDBC repository, consider annotating your entities with one of these annotations: org.springframework.data.relational.core.mapping.Table.
2025-08-20 13:03:59 [restartedMain] INFO  o.s.d.r.c.RepositoryConfigurationExtensionSupport - Spring Data JDBC - Could not safely identify store assignment for repository candidate interface ru.lomov.flashbackend.repositories.LikeRepository; If you want this repository to be a JDBC repository, consider annotating your entities with one of these annotations: org.springframework.data.relational.core.mapping.Table.
2025-08-20 13:03:59 [restartedMain] INFO  o.s.d.r.c.RepositoryConfigurationExtensionSupport - Spring Data JDBC - Could not safely identify store assignment for repository candidate interface ru.lomov.flashbackend.repositories.MediaFileRepository; If you want this repository to be a JDBC repository, consider annotating your entities with one of these annotations: org.springframework.data.relational.core.mapping.Table.
2025-08-20 13:03:59 [restartedMain] INFO  o.s.d.r.c.RepositoryConfigurationExtensionSupport - Spring Data JDBC - Could not safely identify store assignment for repository candidate interface ru.lomov.flashbackend.repositories.PinRepository; If you want this repository to be a JDBC repository, consider annotating your entities with one of these annotations: org.springframework.data.relational.core.mapping.Table.
2025-08-20 13:03:59 [restartedMain] INFO  o.s.d.r.c.RepositoryConfigurationExtensionSupport - Spring Data JDBC - Could not safely identify store assignment for repository candidate interface ru.lomov.flashbackend.repositories.PostAnalyticsRepository; If you want this repository to be a JDBC repository, consider annotating your entities with one of these annotations: org.springframework.data.relational.core.mapping.Table.
2025-08-20 13:03:59 [restartedMain] INFO  o.s.d.r.c.RepositoryConfigurationExtensionSupport - Spring Data JDBC - Could not safely identify store assignment for repository candidate interface ru.lomov.flashbackend.repositories.PostRepository; If you want this repository to be a JDBC repository, consider annotating your entities with one of these annotations: org.springframework.data.relational.core.mapping.Table.
2025-08-20 13:03:59 [restartedMain] INFO  o.s.d.r.c.RepositoryConfigurationExtensionSupport - Spring Data JDBC - Could not safely identify store assignment for repository candidate interface ru.lomov.flashbackend.repositories.ReportRepository; If you want this repository to be a JDBC repository, consider annotating your entities with one of these annotations: org.springframework.data.relational.core.mapping.Table.
2025-08-20 13:03:59 [restartedMain] INFO  o.s.d.r.c.RepositoryConfigurationExtensionSupport - Spring Data JDBC - Could not safely identify store assignment for repository candidate interface ru.lomov.flashbackend.repositories.RoleRepository; If you want this repository to be a JDBC repository, consider annotating your entities with one of these annotations: org.springframework.data.relational.core.mapping.Table.
2025-08-20 13:03:59 [restartedMain] INFO  o.s.d.r.c.RepositoryConfigurationExtensionSupport - Spring Data JDBC - Could not safely identify store assignment for repository candidate interface ru.lomov.flashbackend.repositories.ShareRepository; If you want this repository to be a JDBC repository, consider annotating your entities with one of these annotations: org.springframework.data.relational.core.mapping.Table.
2025-08-20 13:03:59 [restartedMain] INFO  o.s.d.r.c.RepositoryConfigurationExtensionSupport - Spring Data JDBC - Could not safely identify store assignment for repository candidate interface ru.lomov.flashbackend.repositories.UserRepository; If you want this repository to be a JDBC repository, consider annotating your entities with one of these annotations: org.springframework.data.relational.core.mapping.Table.
2025-08-20 13:03:59 [restartedMain] INFO  o.s.d.r.c.RepositoryConfigurationDelegate - Finished Spring Data repository scanning in 81 ms. Found 0 JDBC repository interfaces.
2025-08-20 13:03:59 [restartedMain] INFO  o.s.d.r.c.RepositoryConfigurationDelegate - Multiple Spring Data modules found, entering strict repository configuration mode
2025-08-20 13:03:59 [restartedMain] INFO  o.s.d.r.c.RepositoryConfigurationDelegate - Bootstrapping Spring Data JPA repositories in DEFAULT mode.
2025-08-20 13:03:59 [restartedMain] INFO  o.s.d.r.c.RepositoryConfigurationDelegate - Finished Spring Data repository scanning in 96 ms. Found 11 JPA repository interfaces.
2025-08-20 13:04:00 [restartedMain] INFO  o.s.b.w.e.tomcat.TomcatWebServer - Tomcat initialized with port(s): 8187 (http)
2025-08-20 13:04:00 [restartedMain] INFO  o.a.catalina.core.StandardService - Starting service [Tomcat]
2025-08-20 13:04:00 [restartedMain] INFO  o.a.catalina.core.StandardEngine - Starting Servlet engine: [Apache Tomcat/9.0.65]
2025-08-20 13:04:00 [restartedMain] INFO  o.a.c.c.C.[Tomcat].[localhost].[/] - Initializing Spring embedded WebApplicationContext
2025-08-20 13:04:00 [restartedMain] INFO  o.s.b.w.s.c.ServletWebServerApplicationContext - Root WebApplicationContext: initialization completed in 2691 ms
2025-08-20 13:04:01 [restartedMain] TRACE o.s.b.w.s.ServletContextInitializerBeans - Added existing Filter initializer bean 'securityFilterChainRegistration'; order=-100, resource=class path resource [org/springframework/boot/autoconfigure/security/servlet/SecurityFilterAutoConfiguration.class]
2025-08-20 13:04:01 [restartedMain] TRACE o.s.b.w.s.ServletContextInitializerBeans - Added existing Servlet initializer bean 'dispatcherServletRegistration'; order=2147483647, resource=class path resource [org/springframework/boot/autoconfigure/web/servlet/DispatcherServletAutoConfiguration$DispatcherServletRegistrationConfiguration.class]
2025-08-20 13:04:01 [restartedMain] TRACE o.s.b.w.s.ServletContextInitializerBeans - Added existing Filter initializer bean 'errorPageSecurityFilter'; order=2147483647, resource=class path resource [org/springframework/boot/autoconfigure/security/servlet/SpringBootWebSecurityConfiguration$ErrorPageSecurityFilterConfiguration.class]
2025-08-20 13:04:01 [restartedMain] TRACE o.s.b.w.s.ServletContextInitializerBeans - Created Filter initializer for bean 'characterEncodingFilter'; order=-2147483648, resource=class path resource [org/springframework/boot/autoconfigure/web/servlet/HttpEncodingAutoConfiguration.class]
2025-08-20 13:04:01 [restartedMain] TRACE o.s.b.w.s.ServletContextInitializerBeans - Created Filter initializer for bean 'formContentFilter'; order=-9900, resource=class path resource [org/springframework/boot/autoconfigure/web/servlet/WebMvcAutoConfiguration.class]
2025-08-20 13:04:01 [restartedMain] TRACE o.s.b.w.s.ServletContextInitializerBeans - Created Filter initializer for bean 'requestContextFilter'; order=-105, resource=class path resource [org/springframework/boot/autoconfigure/web/servlet/WebMvcAutoConfiguration$WebMvcAutoConfigurationAdapter.class]
2025-08-20 13:04:01 [restartedMain] DEBUG o.s.b.w.s.ServletContextInitializerBeans - Mapping filters: springSecurityFilterChain urls=[/*] order=-100, filterRegistrationBean urls=[/*] order=2147483647, characterEncodingFilter urls=[/*] order=-2147483648, formContentFilter urls=[/*] order=-9900, requestContextFilter urls=[/*] order=-105
2025-08-20 13:04:01 [restartedMain] DEBUG o.s.b.w.s.ServletContextInitializerBeans - Mapping servlets: dispatcherServlet urls=[/]
2025-08-20 13:04:01 [restartedMain] INFO  o.h.jpa.internal.util.LogHelper - HHH000204: Processing PersistenceUnitInfo [name: default]
2025-08-20 13:04:01 [restartedMain] INFO  org.hibernate.Version - HHH000412: Hibernate ORM core version 5.6.11.Final
2025-08-20 13:04:01 [restartedMain] INFO  o.h.annotations.common.Version - HCANN000001: Hibernate Commons Annotations {5.1.2.Final}
2025-08-20 13:04:01 [restartedMain] INFO  com.zaxxer.hikari.HikariDataSource - HikariPool-1 - Starting...
2025-08-20 13:04:02 [restartedMain] INFO  com.zaxxer.hikari.HikariDataSource - HikariPool-1 - Start completed.
2025-08-20 13:04:02 [restartedMain] INFO  org.hibernate.dialect.Dialect - HHH000400: Using dialect: org.hibernate.dialect.PostgreSQL10Dialect
2025-08-20 13:04:05 [restartedMain] INFO  o.h.e.t.j.p.i.JtaPlatformInitiator - HHH000490: Using JtaPlatform implementation: [org.hibernate.engine.transaction.jta.platform.internal.NoJtaPlatform]
2025-08-20 13:04:05 [restartedMain] INFO  o.s.o.j.LocalContainerEntityManagerFactoryBean - Initialized JPA EntityManagerFactory for persistence unit 'default'
2025-08-20 13:04:09 [restartedMain] INFO  o.s.s.web.DefaultSecurityFilterChain - Will secure any request with [org.springframework.security.web.session.DisableEncodeUrlFilter@1be06297, org.springframework.security.web.context.request.async.WebAsyncManagerIntegrationFilter@315e204b, org.springframework.security.web.context.SecurityContextPersistenceFilter@4fb2b2c0, org.springframework.security.web.header.HeaderWriterFilter@2122271a, org.springframework.web.filter.CorsFilter@b950084, ru.lomov.flashbackend.config.JwtTokenValidator@4dcc3dc7, org.springframework.security.web.savedrequest.RequestCacheAwareFilter@1fed38f1, org.springframework.security.web.servletapi.SecurityContextHolderAwareRequestFilter@2200349f, org.springframework.security.web.authentication.AnonymousAuthenticationFilter@55201a33, org.springframework.security.web.session.SessionManagementFilter@545659c8, org.springframework.security.web.access.ExceptionTranslationFilter@75c1a285, org.springframework.security.web.access.intercept.AuthorizationFilter@3bb1102d]
2025-08-20 13:04:09 [restartedMain] WARN  o.s.b.a.o.j.JpaBaseConfiguration$JpaWebConfiguration - spring.jpa.open-in-view is enabled by default. Therefore, database queries may be performed during view rendering. Explicitly configure spring.jpa.open-in-view to disable this warning
2025-08-20 13:04:10 [restartedMain] DEBUG o.s.w.s.m.m.a.RequestMappingHandlerAdapter - ControllerAdvice beans: 0 @ModelAttribute, 0 @InitBinder, 1 RequestBodyAdvice, 1 ResponseBodyAdvice
2025-08-20 13:04:10 [restartedMain] TRACE o.s.w.s.m.m.a.RequestMappingHandlerMapping - 
	r.l.f.c.AuthController:
	{POST [/auth/signIn]}: signIn(AppUser)
	{POST [/auth/signup]}: registerUser(AppUser)
2025-08-20 13:04:10 [restartedMain] TRACE o.s.w.s.m.m.a.RequestMappingHandlerMapping - 
	r.l.f.c.CommentController:
	{GET [/api/comments/{id}]}: getComment(Long)
	{POST [/api/comments]}: createComment(Comment,String)
	{DELETE [/api/comments/{id}]}: deleteComment(Long)
	{GET [/api/comments]}: getComments()
	{POST [/api/comments/reply]}: createReply(CommentReplyRequest,String)
2025-08-20 13:04:10 [restartedMain] TRACE o.s.w.s.m.m.a.RequestMappingHandlerMapping - 
	r.l.f.c.HealthController:
	{GET [/api/health/status]}: getStatus()
	{GET [/api/health]}: getHealth()
2025-08-20 13:04:10 [restartedMain] TRACE o.s.w.s.m.m.a.RequestMappingHandlerMapping - 
	r.l.f.c.HomeController:
	{GET [/]}: greetingHandler()
2025-08-20 13:04:10 [restartedMain] TRACE o.s.w.s.m.m.a.RequestMappingHandlerMapping - 
	r.l.f.c.LikeController:
	{POST [/api/{postId}/like]}: likePost(Long,String)
	{POST [/api/post/{postId}]}: getAllLikes(Long,String)
2025-08-20 13:04:10 [restartedMain] TRACE o.s.w.s.m.m.a.RequestMappingHandlerMapping - 
	r.l.f.c.MediaFileController:
	{GET [/api/files/{fileId}]}: getFile(Long,Authentication)
	{GET [/api/files/url/{fileId}]}: getFileUrl(Long,Authentication)
	{DELETE [/api/files/{fileId}]}: deleteFile(Long,Authentication)
	{GET [/api/files/user]}: getUserFiles(Authentication)
	{POST [/api/files/upload]}: uploadFile(MultipartFile,Authentication)
	{GET [/api/files/download/{fileId}]}: downloadFile(Long,Authentication)
	{GET [/api/files/search]}: searchFiles(String,Authentication)
	{GET [/api/files/user/paged]}: getUserFilesPaged(Pageable,Authentication)
2025-08-20 13:04:10 [restartedMain] TRACE o.s.w.s.m.m.a.RequestMappingHandlerMapping - 
	r.l.f.c.PostController:
	{POST [/api/posts/{postId}/report]}: reportPost(Long,String,String,String)
	{GET [/api/posts/search]}: searchPosts(String,String)
	{PUT [/api/posts/{postId}/pin]}: pinPost(Long,boolean,String)
	{POST [/api/posts]}: createPost(Post,String)
	{GET [/api/posts/{postId}]}: findPostByPostId(Long,String)
	{GET [/api/posts]}: findAllPosts(String)
	{GET [/api/posts/{postId}/analytics]}: getPostAnalytics(Long,String)
	{GET [/api/posts/trending]}: getTrendingPosts(String)
2025-08-20 13:04:10 [restartedMain] TRACE o.s.w.s.m.m.a.RequestMappingHandlerMapping - 
	r.l.f.c.RoleController:
	{GET [/api/roles/users/{userId}/roles]}: getRolesByUserId(Long)
	{GET [/api/roles]}: getAllRoles()
	{GET [/api/roles/{id}]}: getRoleById(Long)
	{DELETE [/api/roles/users/{userId}/roles/{roleId}]}: removeRoleFromUser(Long,Long)
	{DELETE [/api/roles/{id}]}: deleteRole(Long)
	{POST [/api/roles/users/{userId}/roles]}: assignRoleToUser(Long,Role)
	{PUT [/api/roles/{id}]}: updateRole(Long,Role)
	{POST [/api/roles]}: createRole(Role)
2025-08-20 13:04:10 [restartedMain] TRACE o.s.w.s.m.m.a.RequestMappingHandlerMapping - 
	r.l.f.c.SearchController:
	{GET [/api/posts/search]}: searchPosts(String,String)
	{GET [/api/posts/trending]}: getTrendingPosts(String)
2025-08-20 13:04:10 [restartedMain] WARN  o.s.b.w.s.c.AnnotationConfigServletWebServerApplicationContext - Exception encountered during context initialization - cancelling refresh attempt: org.springframework.beans.factory.BeanCreationException: Error creating bean with name 'requestMappingHandlerMapping' defined in class path resource [org/springframework/boot/autoconfigure/web/servlet/WebMvcAutoConfiguration$EnableWebMvcConfiguration.class]: Invocation of init method failed; nested exception is java.lang.IllegalStateException: Ambiguous mapping. Cannot map 'searchController' method 
ru.lomov.flashbackend.controllers.SearchController#searchPosts(String, String)
to {GET [/api/posts/search]}: There is already 'postController' bean method
ru.lomov.flashbackend.controllers.PostController#searchPosts(String, String) mapped.
2025-08-20 13:04:10 [restartedMain] INFO  o.s.o.j.LocalContainerEntityManagerFactoryBean - Closing JPA EntityManagerFactory for persistence unit 'default'
2025-08-20 13:04:10 [restartedMain] INFO  com.zaxxer.hikari.HikariDataSource - HikariPool-1 - Shutdown initiated...
2025-08-20 13:04:10 [restartedMain] INFO  com.zaxxer.hikari.HikariDataSource - HikariPool-1 - Shutdown completed.
2025-08-20 13:04:10 [restartedMain] INFO  o.a.catalina.core.StandardService - Stopping service [Tomcat]
2025-08-20 13:04:10 [restartedMain] INFO  o.s.b.a.l.ConditionEvaluationReportLoggingListener - 

Error starting ApplicationContext. To display the conditions report re-run your application with 'debug' enabled.
2025-08-20 13:04:10 [restartedMain] ERROR o.s.boot.SpringApplication - Application run failed
org.springframework.beans.factory.BeanCreationException: Error creating bean with name 'requestMappingHandlerMapping' defined in class path resource [org/springframework/boot/autoconfigure/web/servlet/WebMvcAutoConfiguration$EnableWebMvcConfiguration.class]: Invocation of init method failed; nested exception is java.lang.IllegalStateException: Ambiguous mapping. Cannot map 'searchController' method 
ru.lomov.flashbackend.controllers.SearchController#searchPosts(String, String)
to {GET [/api/posts/search]}: There is already 'postController' bean method
ru.lomov.flashbackend.controllers.PostController#searchPosts(String, String) mapped.
	at org.springframework.beans.factory.support.AbstractAutowireCapableBeanFactory.initializeBean(AbstractAutowireCapableBeanFactory.java:1804)
	at org.springframework.beans.factory.support.AbstractAutowireCapableBeanFactory.doCreateBean(AbstractAutowireCapableBeanFactory.java:620)
	at org.springframework.beans.factory.support.AbstractAutowireCapableBeanFactory.createBean(AbstractAutowireCapableBeanFactory.java:542)
	at org.springframework.beans.factory.support.AbstractBeanFactory.lambda$doGetBean$0(AbstractBeanFactory.java:335)
	at org.springframework.beans.factory.support.DefaultSingletonBeanRegistry.getSingleton(DefaultSingletonBeanRegistry.java:234)
	at org.springframework.beans.factory.support.AbstractBeanFactory.doGetBean(AbstractBeanFactory.java:333)
	at org.springframework.beans.factory.support.AbstractBeanFactory.getBean(AbstractBeanFactory.java:208)
	at org.springframework.beans.factory.support.DefaultListableBeanFactory.preInstantiateSingletons(DefaultListableBeanFactory.java:955)
	at org.springframework.context.support.AbstractApplicationContext.finishBeanFactoryInitialization(AbstractApplicationContext.java:918)
	at org.springframework.context.support.AbstractApplicationContext.refresh(AbstractApplicationContext.java:583)
	at org.springframework.boot.web.servlet.context.ServletWebServerApplicationContext.refresh(ServletWebServerApplicationContext.java:147)
	at org.springframework.boot.SpringApplication.refresh(SpringApplication.java:734)
	at org.springframework.boot.SpringApplication.refreshContext(SpringApplication.java:408)
	at org.springframework.boot.SpringApplication.run(SpringApplication.java:308)
	at org.springframework.boot.SpringApplication.run(SpringApplication.java:1306)
	at org.springframework.boot.SpringApplication.run(SpringApplication.java:1295)
	at ru.lomov.flashbackend.FlashBackendApplication.main(FlashBackendApplication.java:10)
	at java.base/jdk.internal.reflect.NativeMethodAccessorImpl.invoke0(Native Method)
	at java.base/jdk.internal.reflect.NativeMethodAccessorImpl.invoke(NativeMethodAccessorImpl.java:77)
	at java.base/jdk.internal.reflect.DelegatingMethodAccessorImpl.invoke(DelegatingMethodAccessorImpl.java:43)
	at java.base/java.lang.reflect.Method.invoke(Method.java:569)
	at org.springframework.boot.devtools.restart.RestartLauncher.run(RestartLauncher.java:49)
Caused by: java.lang.IllegalStateException: Ambiguous mapping. Cannot map 'searchController' method 
ru.lomov.flashbackend.controllers.SearchController#searchPosts(String, String)
to {GET [/api/posts/search]}: There is already 'postController' bean method
ru.lomov.flashbackend.controllers.PostController#searchPosts(String, String) mapped.
	at org.springframework.web.servlet.handler.AbstractHandlerMethodMapping$MappingRegistry.validateMethodMapping(AbstractHandlerMethodMapping.java:669)
	at org.springframework.web.servlet.handler.AbstractHandlerMethodMapping$MappingRegistry.register(AbstractHandlerMethodMapping.java:635)
	at org.springframework.web.servlet.handler.AbstractHandlerMethodMapping.registerHandlerMethod(AbstractHandlerMethodMapping.java:332)
	at org.springframework.web.servlet.mvc.method.annotation.RequestMappingHandlerMapping.registerHandlerMethod(RequestMappingHandlerMapping.java:420)
	at org.springframework.web.servlet.mvc.method.annotation.RequestMappingHandlerMapping.registerHandlerMethod(RequestMappingHandlerMapping.java:76)
	at org.springframework.web.servlet.handler.AbstractHandlerMethodMapping.lambda$detectHandlerMethods$2(AbstractHandlerMethodMapping.java:299)
	at java.base/java.util.LinkedHashMap.forEach(LinkedHashMap.java:721)
	at org.springframework.web.servlet.handler.AbstractHandlerMethodMapping.detectHandlerMethods(AbstractHandlerMethodMapping.java:297)
	at org.springframework.web.servlet.handler.AbstractHandlerMethodMapping.processCandidateBean(AbstractHandlerMethodMapping.java:266)
	at org.springframework.web.servlet.handler.AbstractHandlerMethodMapping.initHandlerMethods(AbstractHandlerMethodMapping.java:225)
	at org.springframework.web.servlet.handler.AbstractHandlerMethodMapping.afterPropertiesSet(AbstractHandlerMethodMapping.java:213)
	at org.springframework.web.servlet.mvc.method.annotation.RequestMappingHandlerMapping.afterPropertiesSet(RequestMappingHandlerMapping.java:205)
	at org.springframework.beans.factory.support.AbstractAutowireCapableBeanFactory.invokeInitMethods(AbstractAutowireCapableBeanFactory.java:1863)
	at org.springframework.beans.factory.support.AbstractAutowireCapableBeanFactory.initializeBean(AbstractAutowireCapableBeanFactory.java:1800)
	... 21 common frames omitted
2025-08-20 13:11:16 [restartedMain] INFO  r.l.f.FlashBackendApplication - Starting FlashBackendApplication using Java 17.0.13 on WIN-UN3TDHLUABS with PID 18360 (C:\Папка Папок\flash-spring\flash-backend\target\classes started by lomov in C:\Папка Папок\flash-spring)
2025-08-20 13:11:16 [restartedMain] DEBUG r.l.f.FlashBackendApplication - Running with Spring Boot v2.7.4, Spring v5.3.23
2025-08-20 13:11:16 [restartedMain] INFO  r.l.f.FlashBackendApplication - No active profile set, falling back to 1 default profile: "default"
2025-08-20 13:11:16 [restartedMain] INFO  o.s.b.d.e.DevToolsPropertyDefaultsPostProcessor - Devtools property defaults active! Set 'spring.devtools.add-properties' to 'false' to disable
2025-08-20 13:11:17 [restartedMain] INFO  o.s.d.r.c.RepositoryConfigurationDelegate - Multiple Spring Data modules found, entering strict repository configuration mode
2025-08-20 13:11:17 [restartedMain] INFO  o.s.d.r.c.RepositoryConfigurationDelegate - Bootstrapping Spring Data JDBC repositories in DEFAULT mode.
2025-08-20 13:11:17 [restartedMain] INFO  o.s.d.r.c.RepositoryConfigurationExtensionSupport - Spring Data JDBC - Could not safely identify store assignment for repository candidate interface ru.lomov.flashbackend.repositories.AchievementRepository; If you want this repository to be a JDBC repository, consider annotating your entities with one of these annotations: org.springframework.data.relational.core.mapping.Table.
2025-08-20 13:11:17 [restartedMain] INFO  o.s.d.r.c.RepositoryConfigurationExtensionSupport - Spring Data JDBC - Could not safely identify store assignment for repository candidate interface ru.lomov.flashbackend.repositories.CommentRepository; If you want this repository to be a JDBC repository, consider annotating your entities with one of these annotations: org.springframework.data.relational.core.mapping.Table.
2025-08-20 13:11:17 [restartedMain] INFO  o.s.d.r.c.RepositoryConfigurationExtensionSupport - Spring Data JDBC - Could not safely identify store assignment for repository candidate interface ru.lomov.flashbackend.repositories.LikeRepository; If you want this repository to be a JDBC repository, consider annotating your entities with one of these annotations: org.springframework.data.relational.core.mapping.Table.
2025-08-20 13:11:17 [restartedMain] INFO  o.s.d.r.c.RepositoryConfigurationExtensionSupport - Spring Data JDBC - Could not safely identify store assignment for repository candidate interface ru.lomov.flashbackend.repositories.MediaFileRepository; If you want this repository to be a JDBC repository, consider annotating your entities with one of these annotations: org.springframework.data.relational.core.mapping.Table.
2025-08-20 13:11:17 [restartedMain] INFO  o.s.d.r.c.RepositoryConfigurationExtensionSupport - Spring Data JDBC - Could not safely identify store assignment for repository candidate interface ru.lomov.flashbackend.repositories.PinRepository; If you want this repository to be a JDBC repository, consider annotating your entities with one of these annotations: org.springframework.data.relational.core.mapping.Table.
2025-08-20 13:11:17 [restartedMain] INFO  o.s.d.r.c.RepositoryConfigurationExtensionSupport - Spring Data JDBC - Could not safely identify store assignment for repository candidate interface ru.lomov.flashbackend.repositories.PostAnalyticsRepository; If you want this repository to be a JDBC repository, consider annotating your entities with one of these annotations: org.springframework.data.relational.core.mapping.Table.
2025-08-20 13:11:17 [restartedMain] INFO  o.s.d.r.c.RepositoryConfigurationExtensionSupport - Spring Data JDBC - Could not safely identify store assignment for repository candidate interface ru.lomov.flashbackend.repositories.PostRepository; If you want this repository to be a JDBC repository, consider annotating your entities with one of these annotations: org.springframework.data.relational.core.mapping.Table.
2025-08-20 13:11:17 [restartedMain] INFO  o.s.d.r.c.RepositoryConfigurationExtensionSupport - Spring Data JDBC - Could not safely identify store assignment for repository candidate interface ru.lomov.flashbackend.repositories.ReportRepository; If you want this repository to be a JDBC repository, consider annotating your entities with one of these annotations: org.springframework.data.relational.core.mapping.Table.
2025-08-20 13:11:17 [restartedMain] INFO  o.s.d.r.c.RepositoryConfigurationExtensionSupport - Spring Data JDBC - Could not safely identify store assignment for repository candidate interface ru.lomov.flashbackend.repositories.RoleRepository; If you want this repository to be a JDBC repository, consider annotating your entities with one of these annotations: org.springframework.data.relational.core.mapping.Table.
2025-08-20 13:11:17 [restartedMain] INFO  o.s.d.r.c.RepositoryConfigurationExtensionSupport - Spring Data JDBC - Could not safely identify store assignment for repository candidate interface ru.lomov.flashbackend.repositories.ShareRepository; If you want this repository to be a JDBC repository, consider annotating your entities with one of these annotations: org.springframework.data.relational.core.mapping.Table.
2025-08-20 13:11:17 [restartedMain] INFO  o.s.d.r.c.RepositoryConfigurationExtensionSupport - Spring Data JDBC - Could not safely identify store assignment for repository candidate interface ru.lomov.flashbackend.repositories.UserRepository; If you want this repository to be a JDBC repository, consider annotating your entities with one of these annotations: org.springframework.data.relational.core.mapping.Table.
2025-08-20 13:11:17 [restartedMain] INFO  o.s.d.r.c.RepositoryConfigurationDelegate - Finished Spring Data repository scanning in 71 ms. Found 0 JDBC repository interfaces.
2025-08-20 13:11:17 [restartedMain] INFO  o.s.d.r.c.RepositoryConfigurationDelegate - Multiple Spring Data modules found, entering strict repository configuration mode
2025-08-20 13:11:17 [restartedMain] INFO  o.s.d.r.c.RepositoryConfigurationDelegate - Bootstrapping Spring Data JPA repositories in DEFAULT mode.
2025-08-20 13:11:17 [restartedMain] INFO  o.s.d.r.c.RepositoryConfigurationDelegate - Finished Spring Data repository scanning in 93 ms. Found 11 JPA repository interfaces.
2025-08-20 13:11:19 [restartedMain] INFO  o.s.b.w.e.tomcat.TomcatWebServer - Tomcat initialized with port(s): 8187 (http)
2025-08-20 13:11:19 [restartedMain] INFO  o.a.catalina.core.StandardService - Starting service [Tomcat]
2025-08-20 13:11:19 [restartedMain] INFO  o.a.catalina.core.StandardEngine - Starting Servlet engine: [Apache Tomcat/9.0.65]
2025-08-20 13:11:19 [restartedMain] INFO  o.a.c.c.C.[Tomcat].[localhost].[/] - Initializing Spring embedded WebApplicationContext
2025-08-20 13:11:19 [restartedMain] INFO  o.s.b.w.s.c.ServletWebServerApplicationContext - Root WebApplicationContext: initialization completed in 2620 ms
2025-08-20 13:11:19 [restartedMain] TRACE o.s.b.w.s.ServletContextInitializerBeans - Added existing Filter initializer bean 'securityFilterChainRegistration'; order=-100, resource=class path resource [org/springframework/boot/autoconfigure/security/servlet/SecurityFilterAutoConfiguration.class]
2025-08-20 13:11:19 [restartedMain] TRACE o.s.b.w.s.ServletContextInitializerBeans - Added existing Servlet initializer bean 'dispatcherServletRegistration'; order=2147483647, resource=class path resource [org/springframework/boot/autoconfigure/web/servlet/DispatcherServletAutoConfiguration$DispatcherServletRegistrationConfiguration.class]
2025-08-20 13:11:19 [restartedMain] TRACE o.s.b.w.s.ServletContextInitializerBeans - Added existing Filter initializer bean 'errorPageSecurityFilter'; order=2147483647, resource=class path resource [org/springframework/boot/autoconfigure/security/servlet/SpringBootWebSecurityConfiguration$ErrorPageSecurityFilterConfiguration.class]
2025-08-20 13:11:19 [restartedMain] TRACE o.s.b.w.s.ServletContextInitializerBeans - Created Filter initializer for bean 'characterEncodingFilter'; order=-2147483648, resource=class path resource [org/springframework/boot/autoconfigure/web/servlet/HttpEncodingAutoConfiguration.class]
2025-08-20 13:11:19 [restartedMain] TRACE o.s.b.w.s.ServletContextInitializerBeans - Created Filter initializer for bean 'formContentFilter'; order=-9900, resource=class path resource [org/springframework/boot/autoconfigure/web/servlet/WebMvcAutoConfiguration.class]
2025-08-20 13:11:19 [restartedMain] TRACE o.s.b.w.s.ServletContextInitializerBeans - Created Filter initializer for bean 'requestContextFilter'; order=-105, resource=class path resource [org/springframework/boot/autoconfigure/web/servlet/WebMvcAutoConfiguration$WebMvcAutoConfigurationAdapter.class]
2025-08-20 13:11:19 [restartedMain] DEBUG o.s.b.w.s.ServletContextInitializerBeans - Mapping filters: springSecurityFilterChain urls=[/*] order=-100, filterRegistrationBean urls=[/*] order=2147483647, characterEncodingFilter urls=[/*] order=-2147483648, formContentFilter urls=[/*] order=-9900, requestContextFilter urls=[/*] order=-105
2025-08-20 13:11:19 [restartedMain] DEBUG o.s.b.w.s.ServletContextInitializerBeans - Mapping servlets: dispatcherServlet urls=[/]
2025-08-20 13:11:19 [restartedMain] INFO  o.h.jpa.internal.util.LogHelper - HHH000204: Processing PersistenceUnitInfo [name: default]
2025-08-20 13:11:19 [restartedMain] INFO  org.hibernate.Version - HHH000412: Hibernate ORM core version 5.6.11.Final
2025-08-20 13:11:20 [restartedMain] INFO  o.h.annotations.common.Version - HCANN000001: Hibernate Commons Annotations {5.1.2.Final}
2025-08-20 13:11:20 [restartedMain] INFO  com.zaxxer.hikari.HikariDataSource - HikariPool-1 - Starting...
2025-08-20 13:11:20 [restartedMain] INFO  com.zaxxer.hikari.HikariDataSource - HikariPool-1 - Start completed.
2025-08-20 13:11:20 [restartedMain] INFO  org.hibernate.dialect.Dialect - HHH000400: Using dialect: org.hibernate.dialect.PostgreSQL10Dialect
2025-08-20 13:11:22 [restartedMain] INFO  o.h.e.t.j.p.i.JtaPlatformInitiator - HHH000490: Using JtaPlatform implementation: [org.hibernate.engine.transaction.jta.platform.internal.NoJtaPlatform]
2025-08-20 13:11:22 [restartedMain] INFO  o.s.o.j.LocalContainerEntityManagerFactoryBean - Initialized JPA EntityManagerFactory for persistence unit 'default'
2025-08-20 13:11:26 [restartedMain] INFO  o.s.s.web.DefaultSecurityFilterChain - Will secure any request with [org.springframework.security.web.session.DisableEncodeUrlFilter@79fa29e3, org.springframework.security.web.context.request.async.WebAsyncManagerIntegrationFilter@f90ce8e, org.springframework.security.web.context.SecurityContextPersistenceFilter@2d8248b0, org.springframework.security.web.header.HeaderWriterFilter@6043907f, org.springframework.web.filter.CorsFilter@3cb9ad81, ru.lomov.flashbackend.config.JwtTokenValidator@21ee7408, org.springframework.security.web.savedrequest.RequestCacheAwareFilter@4624bad2, org.springframework.security.web.servletapi.SecurityContextHolderAwareRequestFilter@7cc94dd6, org.springframework.security.web.authentication.AnonymousAuthenticationFilter@973e4e7, org.springframework.security.web.session.SessionManagementFilter@4d3cbed0, org.springframework.security.web.access.ExceptionTranslationFilter@683e567c, org.springframework.security.web.access.intercept.AuthorizationFilter@61260c55]
2025-08-20 13:11:26 [restartedMain] WARN  o.s.b.a.o.j.JpaBaseConfiguration$JpaWebConfiguration - spring.jpa.open-in-view is enabled by default. Therefore, database queries may be performed during view rendering. Explicitly configure spring.jpa.open-in-view to disable this warning
2025-08-20 13:11:27 [restartedMain] DEBUG o.s.w.s.m.m.a.RequestMappingHandlerAdapter - ControllerAdvice beans: 0 @ModelAttribute, 0 @InitBinder, 1 RequestBodyAdvice, 1 ResponseBodyAdvice
2025-08-20 13:11:27 [restartedMain] TRACE o.s.w.s.m.m.a.RequestMappingHandlerMapping - 
	r.l.f.c.AuthController:
	{POST [/auth/signIn]}: signIn(AppUser)
	{POST [/auth/signup]}: registerUser(AppUser)
2025-08-20 13:11:27 [restartedMain] TRACE o.s.w.s.m.m.a.RequestMappingHandlerMapping - 
	r.l.f.c.CommentController:
	{GET [/api/comments/{id}]}: getComment(Long)
	{POST [/api/comments/reply]}: createReply(CommentReplyRequest,String)
	{POST [/api/comments]}: createComment(Comment,String)
	{GET [/api/comments]}: getComments()
	{DELETE [/api/comments/{id}]}: deleteComment(Long)
2025-08-20 13:11:27 [restartedMain] TRACE o.s.w.s.m.m.a.RequestMappingHandlerMapping - 
	r.l.f.c.HealthController:
	{GET [/api/health]}: getHealth()
	{GET [/api/health/status]}: getStatus()
2025-08-20 13:11:27 [restartedMain] TRACE o.s.w.s.m.m.a.RequestMappingHandlerMapping - 
	r.l.f.c.HomeController:
	{GET [/]}: greetingHandler()
2025-08-20 13:11:27 [restartedMain] TRACE o.s.w.s.m.m.a.RequestMappingHandlerMapping - 
	r.l.f.c.LikeController:
	{POST [/api/{postId}/like]}: likePost(Long,String)
	{POST [/api/post/{postId}]}: getAllLikes(Long,String)
2025-08-20 13:11:27 [restartedMain] TRACE o.s.w.s.m.m.a.RequestMappingHandlerMapping - 
	r.l.f.c.MediaFileController:
	{GET [/api/files/{fileId}]}: getFile(Long,Authentication)
	{POST [/api/files/upload]}: uploadFile(MultipartFile,Authentication)
	{GET [/api/files/url/{fileId}]}: getFileUrl(Long,Authentication)
	{DELETE [/api/files/{fileId}]}: deleteFile(Long,Authentication)
	{GET [/api/files/user]}: getUserFiles(Authentication)
	{GET [/api/files/download/{fileId}]}: downloadFile(Long,Authentication)
	{GET [/api/files/search]}: searchFiles(String,Authentication)
	{GET [/api/files/user/paged]}: getUserFilesPaged(Pageable,Authentication)
2025-08-20 13:11:27 [restartedMain] TRACE o.s.w.s.m.m.a.RequestMappingHandlerMapping - 
	r.l.f.c.PostController:
	{GET [/api/posts]}: findAllPosts(String)
	{POST [/api/posts]}: createPost(Post,String)
	{POST [/api/posts/{postId}/report]}: reportPost(Long,String,String,String)
	{PUT [/api/posts/{postId}/pin]}: pinPost(Long,boolean,String)
	{GET [/api/posts/{postId}]}: findPostByPostId(Long,String)
	{GET [/api/posts/{postId}/analytics]}: getPostAnalytics(Long,String)
2025-08-20 13:11:27 [restartedMain] TRACE o.s.w.s.m.m.a.RequestMappingHandlerMapping - 
	r.l.f.c.RoleController:
	{GET [/api/roles/{id}]}: getRoleById(Long)
	{POST [/api/roles/users/{userId}/roles]}: assignRoleToUser(Long,Role)
	{POST [/api/roles]}: createRole(Role)
	{DELETE [/api/roles/users/{userId}/roles/{roleId}]}: removeRoleFromUser(Long,Long)
	{GET [/api/roles]}: getAllRoles()
	{DELETE [/api/roles/{id}]}: deleteRole(Long)
	{PUT [/api/roles/{id}]}: updateRole(Long,Role)
	{GET [/api/roles/users/{userId}/roles]}: getRolesByUserId(Long)
2025-08-20 13:11:27 [restartedMain] TRACE o.s.w.s.m.m.a.RequestMappingHandlerMapping - 
	r.l.f.c.SearchController:
	{GET [/api/posts/trending]}: getTrendingPosts(String)
	{GET [/api/posts/search]}: searchPosts(String,String)
2025-08-20 13:11:27 [restartedMain] TRACE o.s.w.s.m.m.a.RequestMappingHandlerMapping - 
	r.l.f.c.ShareController:
	{POST [/api/{postId}/share-with-friends]}: sharePostWithFriends(Long,ShareWithFriendsDto,String)
	{POST [/api/{postId}/share]}: sharePost(Long,String)
	{GET [/api/{userId}/friends]}: getUserFriends(Long,String)
	{POST [/api/post/share/{postId}]}: getAllShares(Long,String)
2025-08-20 13:11:27 [restartedMain] TRACE o.s.w.s.m.m.a.RequestMappingHandlerMapping - 
	r.l.f.c.UserController:
	{GET [/api/users/profile]}: getUserProfile(String)
	{PUT [/api/users/{userId}/unfollow]}: unfollowUser(Long,String)
	{PUT [/api/users/{userId}/follow]}: followUser(Long,String)
	{DELETE [/api/users/{userId}]}: deleteUser(Long,String)
	{PUT [/api/users]}: updateUser(AppUser,String)
	{GET [/api/users/{userId}]}: getUserById(Long,String)
2025-08-20 13:11:27 [restartedMain] TRACE o.s.w.s.m.m.a.RequestMappingHandlerMapping - 
	o.s.b.a.w.s.e.BasicErrorController:
	{ [/error]}: error(HttpServletRequest)
	{ [/error], produces [text/html]}: errorHtml(HttpServletRequest,HttpServletResponse)
2025-08-20 13:11:27 [restartedMain] DEBUG o.s.w.s.m.m.a.RequestMappingHandlerMapping - 48 mappings in 'requestMappingHandlerMapping'
2025-08-20 13:11:27 [restartedMain] DEBUG o.s.w.s.h.BeanNameUrlHandlerMapping - Detected 0 mappings in 'beanNameHandlerMapping'
2025-08-20 13:11:27 [restartedMain] TRACE o.s.w.s.f.s.RouterFunctionMapping - 0 RouterFunction(s) in 'routerFunctionMapping'
2025-08-20 13:11:27 [restartedMain] TRACE o.s.w.s.h.SimpleUrlHandlerMapping - Mapped [/webjars/**] onto ResourceHttpRequestHandler [classpath [META-INF/resources/webjars/]]
2025-08-20 13:11:27 [restartedMain] TRACE o.s.w.s.h.SimpleUrlHandlerMapping - Mapped [/**] onto ResourceHttpRequestHandler [classpath [META-INF/resources/], classpath [resources/], classpath [static/], classpath [public/], ServletContext [/]]
2025-08-20 13:11:27 [restartedMain] DEBUG o.s.w.s.h.SimpleUrlHandlerMapping - Patterns [/webjars/**, /**] in 'resourceHandlerMapping'
2025-08-20 13:11:27 [restartedMain] DEBUG o.s.w.s.m.m.a.ExceptionHandlerExceptionResolver - ControllerAdvice beans: 1 @ExceptionHandler, 1 ResponseBodyAdvice
2025-08-20 13:11:28 [restartedMain] INFO  o.s.b.d.a.OptionalLiveReloadServer - LiveReload server is running on port 35729
2025-08-20 13:11:28 [restartedMain] INFO  o.s.b.w.e.tomcat.TomcatWebServer - Tomcat started on port(s): 8187 (http) with context path ''
2025-08-20 13:11:28 [restartedMain] INFO  r.l.f.FlashBackendApplication - Started FlashBackendApplication in 12.736 seconds (JVM running for 13.85)
2025-08-20 13:15:45 [http-nio-8187-exec-1] INFO  o.a.c.c.C.[Tomcat].[localhost].[/] - Initializing Spring DispatcherServlet 'dispatcherServlet'
2025-08-20 13:15:45 [http-nio-8187-exec-1] INFO  o.s.web.servlet.DispatcherServlet - Initializing Servlet 'dispatcherServlet'
2025-08-20 13:15:45 [http-nio-8187-exec-1] TRACE o.s.web.servlet.DispatcherServlet - Detected org.springframework.web.multipart.support.StandardServletMultipartResolver@1ebaaf96
2025-08-20 13:15:45 [http-nio-8187-exec-1] TRACE o.s.web.servlet.DispatcherServlet - Detected org.springframework.web.servlet.i18n.AcceptHeaderLocaleResolver@77042e56
2025-08-20 13:15:45 [http-nio-8187-exec-1] TRACE o.s.web.servlet.DispatcherServlet - Detected org.springframework.web.servlet.theme.FixedThemeResolver@40b7748
2025-08-20 13:15:45 [http-nio-8187-exec-1] TRACE o.s.web.servlet.DispatcherServlet - Detected DefaultRequestToViewNameTranslator
2025-08-20 13:15:45 [http-nio-8187-exec-1] TRACE o.s.web.servlet.DispatcherServlet - Detected SessionFlashMapManager
2025-08-20 13:15:45 [http-nio-8187-exec-1] DEBUG o.s.web.servlet.DispatcherServlet - enableLoggingRequestDetails='false': request parameters and headers will be masked to prevent unsafe logging of potentially sensitive data
2025-08-20 13:15:45 [http-nio-8187-exec-1] INFO  o.s.web.servlet.DispatcherServlet - Completed initialization in 4 ms
2025-08-20 13:15:45 [http-nio-8187-exec-2] TRACE o.s.web.servlet.DispatcherServlet - POST "/auth/signIn", parameters={}, headers={masked} in DispatcherServlet 'dispatcherServlet'
2025-08-20 13:15:45 [http-nio-8187-exec-2] TRACE o.s.w.s.m.m.a.RequestMappingHandlerMapping - Mapped to ru.lomov.flashbackend.controllers.AuthController#signIn(AppUser)
2025-08-20 13:15:45 [http-nio-8187-exec-2] TRACE o.s.w.s.m.m.a.RequestResponseBodyMethodProcessor - Read "application/json;charset=UTF-8" to [ru.lomov.flashbackend.entities.AppUser@6a956a77]
2025-08-20 13:15:45 [http-nio-8187-exec-2] TRACE o.s.web.method.HandlerMethod - Arguments: [ru.lomov.flashbackend.entities.AppUser@6a956a77]
2025-08-20 13:15:45 [http-nio-8187-exec-2] INFO  r.l.f.aspect.logging.LoggingAspect - [CONTROLLER-REQUEST] RequestId: c9672019-2582-4955-914c-564885b30bc3, HTTP-Method: POST, URL: /auth/signIn, Controller: ru.lomov.flashbackend.controllers.AuthController.signIn(), Args: [ru.lomov.flashbackend.entities.AppUser@6a956a77]
2025-08-20 13:15:45 [http-nio-8187-exec-2] INFO  SECURITY - [ACCESS-ATTEMPT] User: anonymousUser, Method: AuthController.signIn, IP: 0:0:0:0:0:0:0:1, User-Agent: Mozilla/5.0 (Windows NT 10.0; Win64; x64) AppleWebKit/537.36 (KHTML, like Gecko) Chrome/139.0.0.0 Safari/537.36
2025-08-20 13:15:45 [http-nio-8187-exec-2] DEBUG r.l.f.aspect.logging.LoggingAspect - [REPOSITORY-QUERY] RequestId: c9672019-2582-4955-914c-564885b30bc3, Repository: ru.lomov.flashbackend.repositories.UserRepository.findAppUserByEmail(), Args: [zivert@cai.mail.com]
2025-08-20 13:15:46 [http-nio-8187-exec-2] INFO  PERFORMANCE - [MEDIUM-REPOSITORY] Method: findAppUserByEmail, Time: 680ms, Class: $Proxy147
2025-08-20 13:15:46 [http-nio-8187-exec-2] DEBUG r.l.f.aspect.logging.LoggingAspect - [REPOSITORY-RESULT] RequestId: c9672019-2582-4955-914c-564885b30bc3, Repository: ru.lomov.flashbackend.repositories.UserRepository.findAppUserByEmail(), Time: 681ms, ResultCount: 1
2025-08-20 13:15:46 [http-nio-8187-exec-2] INFO  r.l.f.aspect.logging.LoggingAspect - [SERVICE-ENTRY] RequestId: c9672019-2582-4955-914c-564885b30bc3, Method: ru.lomov.flashbackend.services.CustomUserDetailsServiceImplementation.loadUserByUsername(), Args: [zivert@cai.mail.com]
2025-08-20 13:15:46 [http-nio-8187-exec-2] DEBUG r.l.f.aspect.logging.LoggingAspect - [REPOSITORY-QUERY] RequestId: c9672019-2582-4955-914c-564885b30bc3, Repository: ru.lomov.flashbackend.repositories.UserRepository.findAppUserByEmail(), Args: [zivert@cai.mail.com]
2025-08-20 13:15:46 [http-nio-8187-exec-2] DEBUG r.l.f.aspect.logging.LoggingAspect - [REPOSITORY-RESULT] RequestId: c9672019-2582-4955-914c-564885b30bc3, Repository: ru.lomov.flashbackend.repositories.UserRepository.findAppUserByEmail(), Time: 1ms, ResultCount: 1
2025-08-20 13:15:46 [http-nio-8187-exec-2] INFO  r.l.f.aspect.logging.LoggingAspect - [SERVICE-EXIT] RequestId: c9672019-2582-4955-914c-564885b30bc3, Method: ru.lomov.flashbackend.services.CustomUserDetailsServiceImplementation.loadUserByUsername(), Result: org.springframework.security.core.userdetails.User [Username=zivert@cai.mail.com, Password=[PROTECTED], Enabled=true, AccountNonExpired=true, credentialsNonExpired=true, AccountNonLocked=true, Granted Authorities=[]]
2025-08-20 13:15:46 [http-nio-8187-exec-2] INFO  r.l.f.aspect.logging.LoggingAspect - [SERVICE-ENTRY] RequestId: c9672019-2582-4955-914c-564885b30bc3, Method: ru.lomov.flashbackend.config.JwtProvider.generateToken(), Args: [UsernamePasswordAuthenticationToken [Principal=org.springframework.security.core.userdetails.User [Username=zivert@cai.mail.com, Password=[PROTECTED], Enabled=true, AccountNonExpired=true, credentialsNonExpired=true, AccountNonLocked=true, Granted Authorities=[]], Credentials=[PROTECTED], Authenticated=true, Details=null, Granted Authorities=[]]]
2025-08-20 13:15:47 [http-nio-8187-exec-2] INFO  PERFORMANCE - [MEDIUM-SERVICE] Method: generateToken, Time: 622ms, Class: JwtProvider
2025-08-20 13:15:47 [http-nio-8187-exec-2] INFO  r.l.f.aspect.logging.LoggingAspect - [SERVICE-EXIT] RequestId: c9672019-2582-4955-914c-564885b30bc3, Method: ru.lomov.flashbackend.config.JwtProvider.generateToken(), Result: eyJhbGciOiJIUzUxMiJ9.eyJpYXQiOjE3NTU2NTk3NDcsImV4cCI6MTc1NTc0NjE0NywiZW1haWwiOiJ6aXZlcnRAY2FpLm1haWwuY29tIn0.Qi7fAFbpyceiU_fTMVaSnsrZ9M8xEQYVAKqu_PcqoHZR8zLjlEoJMbtkooMtpD6zdcMcftmJO8mSlSdZTrcJ7Q
2025-08-20 13:15:47 [http-nio-8187-exec-2] INFO  r.l.f.controllers.AuthController - User signed in successfully: zivert@cai.mail.com
2025-08-20 13:15:47 [http-nio-8187-exec-2] WARN  PERFORMANCE - [SLOW-CONTROLLER] Method: signIn, Time: 1738ms, Class: AuthController
2025-08-20 13:15:47 [http-nio-8187-exec-2] INFO  r.l.f.aspect.logging.LoggingAspect - [CONTROLLER-RESPONSE] RequestId: c9672019-2582-4955-914c-564885b30bc3, Controller: ru.lomov.flashbackend.controllers.AuthController.signIn(), Status: SUCCESS, Time: 1743ms
2025-08-20 13:15:47 [http-nio-8187-exec-2] DEBUG o.s.w.s.m.m.a.RequestResponseBodyMethodProcessor - Using 'application/json', given [application/json, text/plain, */*] and supported [application/json, application/*+json, application/json, application/*+json, application/cbor]
2025-08-20 13:15:47 [http-nio-8187-exec-2] TRACE o.s.w.s.m.m.a.RequestResponseBodyMethodProcessor - Writing [ru.lomov.flashbackend.responses.AuthResponse@991c3c6]
2025-08-20 13:15:47 [http-nio-8187-exec-2] TRACE o.s.web.servlet.DispatcherServlet - No view rendering, null ModelAndView returned.
2025-08-20 13:15:47 [http-nio-8187-exec-2] DEBUG o.s.web.servlet.DispatcherServlet - Completed 200 OK, headers={masked}
2025-08-20 13:15:50 [http-nio-8187-exec-4] TRACE o.s.web.servlet.DispatcherServlet - GET "/api/users/profile", parameters={}, headers={masked} in DispatcherServlet 'dispatcherServlet'
2025-08-20 13:15:50 [http-nio-8187-exec-4] TRACE o.s.w.s.m.m.a.RequestMappingHandlerMapping - Mapped to ru.lomov.flashbackend.controllers.UserController#getUserProfile(String)
2025-08-20 13:15:50 [http-nio-8187-exec-4] TRACE o.s.web.method.HandlerMethod - Arguments: [Bearer eyJhbGciOiJIUzUxMiJ9.eyJpYXQiOjE3NTU2NTk3NDcsImV4cCI6MTc1NTc0NjE0NywiZW1haWwiOiJ6aXZlcnRAY2FpLm1haWwuY29tIn0.Qi7fAFbpyceiU_fTMVaSnsrZ9M8xEQYVAKqu_PcqoHZR8zLjlEoJMbtkooMtpD6zdcMcftmJO8mSlSdZTrcJ7Q]
2025-08-20 13:15:50 [http-nio-8187-exec-4] INFO  r.l.f.aspect.logging.LoggingAspect - [CONTROLLER-REQUEST] RequestId: 7021ad14-986a-4338-9343-6e182b1ea001, HTTP-Method: GET, URL: /api/users/profile, Controller: ru.lomov.flashbackend.controllers.UserController.getUserProfile(), Args: [Bearer eyJhbGciOiJIUzUxMiJ9.eyJpYXQiOjE3NTU2NTk3NDcsImV4cCI6MTc1NTc0NjE0NywiZW1haWwiOiJ6aXZlcnRAY2FpLm1haWwuY29tIn0.Qi7fAFbpyceiU_fTMVaSnsrZ9M8xEQYVAKqu_PcqoHZR8zLjlEoJMbtkooMtpD6zdcMcftmJO8mSlSdZTrcJ7Q]
2025-08-20 13:15:50 [http-nio-8187-exec-4] INFO  SECURITY - [ACCESS-ATTEMPT] User: zivert@cai.mail.com, Method: UserController.getUserProfile, IP: 0:0:0:0:0:0:0:1, User-Agent: Mozilla/5.0 (Windows NT 10.0; Win64; x64) AppleWebKit/537.36 (KHTML, like Gecko) Chrome/139.0.0.0 Safari/537.36
2025-08-20 13:15:50 [http-nio-8187-exec-4] INFO  r.l.f.aspect.logging.LoggingAspect - [SERVICE-ENTRY] RequestId: 7021ad14-986a-4338-9343-6e182b1ea001, Method: ru.lomov.flashbackend.services.UserServiceImpl.findUserProfileByJwt(), Args: [Bearer eyJhbGciOiJIUzUxMiJ9.eyJpYXQiOjE3NTU2NTk3NDcsImV4cCI6MTc1NTc0NjE0NywiZW1haWwiOiJ6aXZlcnRAY2FpLm1haWwuY29tIn0.Qi7fAFbpyceiU_fTMVaSnsrZ9M8xEQYVAKqu_PcqoHZR8zLjlEoJMbtkooMtpD6zdcMcftmJO8mSlSdZTrcJ7Q]
2025-08-20 13:15:50 [http-nio-8187-exec-4] INFO  r.l.f.aspect.logging.LoggingAspect - [SERVICE-ENTRY] RequestId: 7021ad14-986a-4338-9343-6e182b1ea001, Method: ru.lomov.flashbackend.config.JwtProvider.getEmailFromToken(), Args: [Bearer eyJhbGciOiJIUzUxMiJ9.eyJpYXQiOjE3NTU2NTk3NDcsImV4cCI6MTc1NTc0NjE0NywiZW1haWwiOiJ6aXZlcnRAY2FpLm1haWwuY29tIn0.Qi7fAFbpyceiU_fTMVaSnsrZ9M8xEQYVAKqu_PcqoHZR8zLjlEoJMbtkooMtpD6zdcMcftmJO8mSlSdZTrcJ7Q]
2025-08-20 13:15:50 [http-nio-8187-exec-4] INFO  r.l.f.aspect.logging.LoggingAspect - [SERVICE-EXIT] RequestId: 7021ad14-986a-4338-9343-6e182b1ea001, Method: ru.lomov.flashbackend.config.JwtProvider.getEmailFromToken(), Result: zivert@cai.mail.com
2025-08-20 13:15:50 [http-nio-8187-exec-4] DEBUG r.l.f.aspect.logging.LoggingAspect - [REPOSITORY-QUERY] RequestId: 7021ad14-986a-4338-9343-6e182b1ea001, Repository: ru.lomov.flashbackend.repositories.UserRepository.findAppUserByEmail(), Args: [zivert@cai.mail.com]
2025-08-20 13:15:50 [http-nio-8187-exec-4] DEBUG r.l.f.aspect.logging.LoggingAspect - [REPOSITORY-RESULT] RequestId: 7021ad14-986a-4338-9343-6e182b1ea001, Repository: ru.lomov.flashbackend.repositories.UserRepository.findAppUserByEmail(), Time: 7ms, ResultCount: 1
2025-08-20 13:15:50 [http-nio-8187-exec-4] INFO  r.l.f.aspect.logging.LoggingAspect - [SERVICE-EXIT] RequestId: 7021ad14-986a-4338-9343-6e182b1ea001, Method: ru.lomov.flashbackend.services.UserServiceImpl.findUserProfileByJwt(), Result: ru.lomov.flashbackend.entities.AppUser@3a151df5
2025-08-20 13:15:50 [http-nio-8187-exec-4] INFO  r.l.f.controllers.UserController - User profile retrieved: zivert@cai.mail.com
2025-08-20 13:15:50 [http-nio-8187-exec-4] INFO  PERFORMANCE - [MEDIUM-CONTROLLER] Method: getUserProfile, Time: 172ms, Class: UserController
2025-08-20 13:15:50 [http-nio-8187-exec-4] INFO  r.l.f.aspect.logging.LoggingAspect - [CONTROLLER-RESPONSE] RequestId: 7021ad14-986a-4338-9343-6e182b1ea001, Controller: ru.lomov.flashbackend.controllers.UserController.getUserProfile(), Status: SUCCESS, Time: 174ms
2025-08-20 13:15:50 [http-nio-8187-exec-4] DEBUG o.s.w.s.m.m.a.RequestResponseBodyMethodProcessor - Using 'application/json', given [application/json, text/plain, */*] and supported [application/json, application/*+json, application/json, application/*+json, application/cbor]
2025-08-20 13:15:50 [http-nio-8187-exec-4] TRACE o.s.w.s.m.m.a.RequestResponseBodyMethodProcessor - Writing [UserDto(id=110, firstName=Иван , lastName=Афиногенов, fullName=Афиногенов Иван , email=zivert@cai.mail.com, password=null, location=null, statement=null, website=null, birthDate=null, phoneNumber=null, profilePictureUrl=null, coverPictureUrl=null, image=null, backgroundImage=null, bio=null, gender=null, language=null, city=null, country=null, timezone=null, address=null, postalCode=null, interests=null, skills=null, education=null, occupation=null, company=null, websiteCompanyYoutube=null, websiteCompanyVk=null, websiteCompanyOk=null, websiteCompanyTelegram=null, req_user=true, followed=false, isVerified=false, login_via_google=false, login_via_vk=false, followers=[], following=[])]
2025-08-20 13:15:50 [http-nio-8187-exec-4] TRACE o.s.web.servlet.DispatcherServlet - No view rendering, null ModelAndView returned.
2025-08-20 13:15:50 [http-nio-8187-exec-4] DEBUG o.s.web.servlet.DispatcherServlet - Completed 200 OK, headers={masked}
2025-08-20 13:15:51 [http-nio-8187-exec-6] TRACE o.s.web.servlet.DispatcherServlet - GET "/api/posts", parameters={}, headers={masked} in DispatcherServlet 'dispatcherServlet'
2025-08-20 13:15:51 [http-nio-8187-exec-6] TRACE o.s.w.s.m.m.a.RequestMappingHandlerMapping - Mapped to ru.lomov.flashbackend.controllers.PostController#findAllPosts(String)
2025-08-20 13:15:51 [http-nio-8187-exec-6] TRACE o.s.web.method.HandlerMethod - Arguments: [Bearer eyJhbGciOiJIUzUxMiJ9.eyJpYXQiOjE3NTU2NTMzMjQsImV4cCI6MTc1NTczOTcyNCwiZW1haWwiOiJ6aXZlcnRAY2FpLm1haWwuY29tIn0.hNAhWaK_u0pRt2QGZ7cPhG7P8yacp6-vVfz1I1SavFpDk9NumbrPGmjI--W2L6iE0v0nrNO6zAJnXHdkZmIC_Q]
2025-08-20 13:15:51 [http-nio-8187-exec-6] INFO  r.l.f.aspect.logging.LoggingAspect - [CONTROLLER-REQUEST] RequestId: 86a72402-d93a-45aa-8f0f-60dea85a744f, HTTP-Method: GET, URL: /api/posts, Controller: ru.lomov.flashbackend.controllers.PostController.findAllPosts(), Args: [Bearer eyJhbGciOiJIUzUxMiJ9.eyJpYXQiOjE3NTU2NTMzMjQsImV4cCI6MTc1NTczOTcyNCwiZW1haWwiOiJ6aXZlcnRAY2FpLm1haWwuY29tIn0.hNAhWaK_u0pRt2QGZ7cPhG7P8yacp6-vVfz1I1SavFpDk9NumbrPGmjI--W2L6iE0v0nrNO6zAJnXHdkZmIC_Q]
2025-08-20 13:15:51 [http-nio-8187-exec-6] INFO  SECURITY - [ACCESS-ATTEMPT] User: zivert@cai.mail.com, Method: PostController.findAllPosts, IP: 0:0:0:0:0:0:0:1, User-Agent: Mozilla/5.0 (Windows NT 10.0; Win64; x64) AppleWebKit/537.36 (KHTML, like Gecko) Chrome/139.0.0.0 Safari/537.36
2025-08-20 13:15:51 [http-nio-8187-exec-6] INFO  r.l.f.aspect.logging.LoggingAspect - [SERVICE-ENTRY] RequestId: 86a72402-d93a-45aa-8f0f-60dea85a744f, Method: ru.lomov.flashbackend.services.UserServiceImpl.findUserProfileByJwt(), Args: [Bearer eyJhbGciOiJIUzUxMiJ9.eyJpYXQiOjE3NTU2NTMzMjQsImV4cCI6MTc1NTczOTcyNCwiZW1haWwiOiJ6aXZlcnRAY2FpLm1haWwuY29tIn0.hNAhWaK_u0pRt2QGZ7cPhG7P8yacp6-vVfz1I1SavFpDk9NumbrPGmjI--W2L6iE0v0nrNO6zAJnXHdkZmIC_Q]
2025-08-20 13:15:51 [http-nio-8187-exec-6] INFO  r.l.f.aspect.logging.LoggingAspect - [SERVICE-ENTRY] RequestId: 86a72402-d93a-45aa-8f0f-60dea85a744f, Method: ru.lomov.flashbackend.config.JwtProvider.getEmailFromToken(), Args: [Bearer eyJhbGciOiJIUzUxMiJ9.eyJpYXQiOjE3NTU2NTMzMjQsImV4cCI6MTc1NTczOTcyNCwiZW1haWwiOiJ6aXZlcnRAY2FpLm1haWwuY29tIn0.hNAhWaK_u0pRt2QGZ7cPhG7P8yacp6-vVfz1I1SavFpDk9NumbrPGmjI--W2L6iE0v0nrNO6zAJnXHdkZmIC_Q]
2025-08-20 13:15:51 [http-nio-8187-exec-6] INFO  r.l.f.aspect.logging.LoggingAspect - [SERVICE-EXIT] RequestId: 86a72402-d93a-45aa-8f0f-60dea85a744f, Method: ru.lomov.flashbackend.config.JwtProvider.getEmailFromToken(), Result: zivert@cai.mail.com
2025-08-20 13:15:51 [http-nio-8187-exec-6] DEBUG r.l.f.aspect.logging.LoggingAspect - [REPOSITORY-QUERY] RequestId: 86a72402-d93a-45aa-8f0f-60dea85a744f, Repository: ru.lomov.flashbackend.repositories.UserRepository.findAppUserByEmail(), Args: [zivert@cai.mail.com]
2025-08-20 13:15:51 [http-nio-8187-exec-6] DEBUG r.l.f.aspect.logging.LoggingAspect - [REPOSITORY-RESULT] RequestId: 86a72402-d93a-45aa-8f0f-60dea85a744f, Repository: ru.lomov.flashbackend.repositories.UserRepository.findAppUserByEmail(), Time: 5ms, ResultCount: 1
2025-08-20 13:15:51 [http-nio-8187-exec-6] INFO  r.l.f.aspect.logging.LoggingAspect - [SERVICE-EXIT] RequestId: 86a72402-d93a-45aa-8f0f-60dea85a744f, Method: ru.lomov.flashbackend.services.UserServiceImpl.findUserProfileByJwt(), Result: ru.lomov.flashbackend.entities.AppUser@134d5c73
2025-08-20 13:15:51 [http-nio-8187-exec-6] INFO  r.l.f.aspect.logging.LoggingAspect - [SERVICE-ENTRY] RequestId: 86a72402-d93a-45aa-8f0f-60dea85a744f, Method: ru.lomov.flashbackend.services.PostServiceImpl.findAllPosts(), Args: []
2025-08-20 13:15:51 [http-nio-8187-exec-6] DEBUG r.l.f.aspect.logging.LoggingAspect - [REPOSITORY-QUERY] RequestId: 86a72402-d93a-45aa-8f0f-60dea85a744f, Repository: ru.lomov.flashbackend.repositories.PostRepository.findAllByIsPostTrueOrderByCreatedAtAsc(), Args: []
2025-08-20 13:15:51 [http-nio-8187-exec-6] INFO  PERFORMANCE - [MEDIUM-REPOSITORY] Method: findAllByIsPostTrueOrderByCreatedAtAsc, Time: 117ms, Class: $Proxy154
2025-08-20 13:15:51 [http-nio-8187-exec-6] DEBUG r.l.f.aspect.logging.LoggingAspect - [REPOSITORY-RESULT] RequestId: 86a72402-d93a-45aa-8f0f-60dea85a744f, Repository: ru.lomov.flashbackend.repositories.PostRepository.findAllByIsPostTrueOrderByCreatedAtAsc(), Time: 118ms, ResultCount: 10
2025-08-20 13:15:51 [http-nio-8187-exec-6] INFO  PERFORMANCE - [MEDIUM-SERVICE] Method: findAllPosts, Time: 177ms, Class: PostServiceImpl
2025-08-20 13:15:51 [http-nio-8187-exec-6] INFO  r.l.f.aspect.logging.LoggingAspect - [SERVICE-EXIT] RequestId: 86a72402-d93a-45aa-8f0f-60dea85a744f, Method: ru.lomov.flashbackend.services.PostServiceImpl.findAllPosts(), Result: [ru.lomov.flashbackend.entities.Post@2355850a, ru.lomov.flashbackend.entities.Post@4d8ccfd1, ru.lomov.flashbackend.entities.Post@584c12e0, ru.lomov.flashbackend.entities.Post@6bb645cc, ru.lomov.flashbackend.entities.Post@6444e065, ru.lomov.flashbackend.entities.Post@4f1d497b, ru.lomov.flashbackend.entities.Post@777e896a, ru.lomov.flashbackend.entities.Post@2e3f2a6c, ru.lomov.flashbackend.entities.Post@6dbba006, ru.lomov.flashbackend.entities.Post@48487a5b]
2025-08-20 13:15:52 [http-nio-8187-exec-6] WARN  PERFORMANCE - [SLOW-CONTROLLER] Method: findAllPosts, Time: 1082ms, Class: PostController
2025-08-20 13:15:52 [http-nio-8187-exec-6] INFO  r.l.f.aspect.logging.LoggingAspect - [CONTROLLER-RESPONSE] RequestId: 86a72402-d93a-45aa-8f0f-60dea85a744f, Controller: ru.lomov.flashbackend.controllers.PostController.findAllPosts(), Status: SUCCESS, Time: 1083ms
2025-08-20 13:15:52 [http-nio-8187-exec-6] DEBUG o.s.w.s.m.m.a.RequestResponseBodyMethodProcessor - Using 'application/json', given [application/json, text/plain, */*] and supported [application/json, application/*+json, application/json, application/*+json, application/cbor]
2025-08-20 13:15:52 [http-nio-8187-exec-6] TRACE o.s.w.s.m.m.a.RequestResponseBodyMethodProcessor - Writing [[PostDto(id=111, content=hkjslkdjflskdjflsdkjflsklf, image=, video=, audio=null, createdAt=2024-07-06T14:47:13.861142, modifiedAt=null, user=UserDto(id=110, firstName=Иван , lastName=Афиногенов, fullName=Афиногенов Иван , email=zivert@cai.mail.com, password=null, location=null, statement=null, website=null, birthDate=null, phoneNumber=null, profilePictureUrl=null, coverPictureUrl=null, image=null, backgroundImage=null, bio=null, gender=null, language=null, city=null, country=null, timezone=null, address=null, postalCode=null, interests=null, skills=null, education=null, occupation=null, company=null, websiteCompanyYoutube=null, websiteCompanyVk=null, websiteCompanyOk=null, websiteCompanyTelegram=null, req_user=false, followed=false, isVerified=false, login_via_google=false, login_via_vk=false, followers=[], following=[]), totalLikes=1, totalReplies=0, totalReposts=0, totalShares=0, isLiked=true, isReposted=false, isBookmarked=true, bookmarkCount=3, repostUsersId=[], replyPost=null), PostDto(id=116, content=ывоалврпщшгщшегукщлтмв, image=, video=, audio=null, createdAt=2024-07-22T15:07:44.562731, modifiedAt=null, user=UserDto(id=110, firstName=Иван , lastName=Афиногенов, fullName=Афиногенов Иван , email=zivert@cai.mail.com, password=null, location=null, statement=null, website=null, birthDate=null, phoneNumber=null, profilePictureUrl=null, coverPictureUrl=null, image=null, backgroundImage=null, bio=null, gender=null, language=null, city=null, country=null, timezone=null, address=null, postalCode=null, interests=null, skills=null, education=null, occupation=null, company=null, websiteCompanyYoutube=null, websiteCompanyVk=null, websiteCompanyOk=null, websiteCompanyTelegram=null, req_user=false, followed=false, isVerified=false, login_via_google=false, login_via_vk=false, followers=[], following=[]), totalLikes=1, totalReplies=0, totalReposts=0, totalShares=0, isLiked=true, isReposted=false, isBookmarked=true, bookmarkCount=3, repostUsersId=[], replyPost=null), PostDto(id=117, content=dkvlfdjdropogrgjjoi, image=, video=, audio=null, createdAt=2024-07-26T15:41:53.294128, modifiedAt=null, user=UserDto(id=110, firstName=Иван , lastName=Афиногенов, fullName=Афиногенов Иван , email=zivert@cai.mail.com, password=null, location=null, statement=null, website=null, birthDate=null, phoneNumber=null, profilePictureUrl=null, coverPictureUrl=null, image=null, backgroundImage=null, bio=null, gender=null, language=null, city=null, country=null, timezone=null, address=null, postalCode=null, interests=null, skills=null, education=null, occupation=null, company=null, websiteCompanyYoutube=null, websiteCompanyVk=null, websiteCompanyOk=null, websiteCompanyTelegram=null, req_user=false, followed=false, isVerified=false, login_via_google=false, login_via_vk=false, followers=[], following=[]), totalLikes=0, totalReplies=0, totalReposts=0, totalShares=0, isLiked=false, isReposted=false, isBookmarked=true, bookmarkCount=3, repostUsersId=[], replyPost=null), PostDto(id=118, content=lgl l l llg lgl llg lgl , image=, video=, audio=null, createdAt=2024-07-27T22:30:10.650353, modifiedAt=null, user=UserDto(id=110, firstName=Иван , lastName=Афиногенов, fullName=Афиногенов Иван , email=zivert@cai.mail.com, password=null, location=null, statement=null, website=null, birthDate=null, phoneNumber=null, profilePictureUrl=null, coverPictureUrl=null, image=null, backgroundImage=null, bio=null, gender=null, language=null, city=null, country=null, timezone=null, address=null, postalCode=null, interests=null, skills=null, education=null, occupation=null, company=null, websiteCompanyYoutube=null, websiteCompanyVk=null, websiteCompanyOk=null, websiteCompanyTelegram=null, req_user=false, followed=false, isVerified=false, login_via_google=false, login_via_vk=false, followers=[], following=[]), totalLikes=0, totalReplies=0, totalReposts=0, totalShares=0, isLiked=false, isReposted=false, isBookmarked=false, bookmarkCount=3, repostUsersId=[], replyPost=null), PostDto(id=123, content=vxcmnv,nxcv,, image=, video=, audio=null, createdAt=2025-02-13T12:32:26.527722, modifiedAt=null, user=UserDto(id=110, firstName=Иван , lastName=Афиногенов, fullName=Афиногенов Иван , email=zivert@cai.mail.com, password=null, location=null, statement=null, website=null, birthDate=null, phoneNumber=null, profilePictureUrl=null, coverPictureUrl=null, image=null, backgroundImage=null, bio=null, gender=null, language=null, city=null, country=null, timezone=null, address=null, postalCode=null, interests=null, skills=null, education=null, occupation=null, company=null, websiteCompanyYoutube=null, websiteCompanyVk=null, websiteCompanyOk=null, websiteCompanyTelegram=null, req_user=false, followed=false, isVerified=false, login_via_google=false, login_via_vk=false, followers=[], following=[]), totalLikes=0, totalReplies=0, totalReposts=0, totalShares=0, isLiked=false, isReposted=false, isBookmarked=false, bookmarkCount=3, repostUsersId=[], replyPost=null), PostDto(id=124, content=обложка, image=, video=, audio=null, createdAt=2025-04-01T15:09:22.539372, modifiedAt=null, user=UserDto(id=110, firstName=Иван , lastName=Афиногенов, fullName=Афиногенов Иван , email=zivert@cai.mail.com, password=null, location=null, statement=null, website=null, birthDate=null, phoneNumber=null, profilePictureUrl=null, coverPictureUrl=null, image=null, backgroundImage=null, bio=null, gender=null, language=null, city=null, country=null, timezone=null, address=null, postalCode=null, interests=null, skills=null, education=null, occupation=null, company=null, websiteCompanyYoutube=null, websiteCompanyVk=null, websiteCompanyOk=null, websiteCompanyTelegram=null, req_user=false, followed=false, isVerified=false, login_via_google=false, login_via_vk=false, followers=[], following=[]), totalLikes=0, totalReplies=0, totalReposts=0, totalShares=0, isLiked=false, isReposted=false, isBookmarked=false, bookmarkCount=3, repostUsersId=[], replyPost=null), PostDto(id=125, content=yjh, image=, video=, audio=null, createdAt=2025-04-01T15:52:02.053212, modifiedAt=null, user=UserDto(id=110, firstName=Иван , lastName=Афиногенов, fullName=Афиногенов Иван , email=zivert@cai.mail.com, password=null, location=null, statement=null, website=null, birthDate=null, phoneNumber=null, profilePictureUrl=null, coverPictureUrl=null, image=null, backgroundImage=null, bio=null, gender=null, language=null, city=null, country=null, timezone=null, address=null, postalCode=null, interests=null, skills=null, education=null, occupation=null, company=null, websiteCompanyYoutube=null, websiteCompanyVk=null, websiteCompanyOk=null, websiteCompanyTelegram=null, req_user=false, followed=false, isVerified=false, login_via_google=false, login_via_vk=false, followers=[], following=[]), totalLikes=0, totalReplies=0, totalReposts=0, totalShares=0, isLiked=false, isReposted=false, isBookmarked=false, bookmarkCount=3, repostUsersId=[], replyPost=null), PostDto(id=126, content=fv, image=, video=, audio=null, createdAt=2025-04-01T15:52:58.660847, modifiedAt=null, user=UserDto(id=110, firstName=Иван , lastName=Афиногенов, fullName=Афиногенов Иван , email=zivert@cai.mail.com, password=null, location=null, statement=null, website=null, birthDate=null, phoneNumber=null, profilePictureUrl=null, coverPictureUrl=null, image=null, backgroundImage=null, bio=null, gender=null, language=null, city=null, country=null, timezone=null, address=null, postalCode=null, interests=null, skills=null, education=null, occupation=null, company=null, websiteCompanyYoutube=null, websiteCompanyVk=null, websiteCompanyOk=null, websiteCompanyTelegram=null, req_user=false, followed=false, isVerified=false, login_via_google=false, login_via_vk=false, followers=[], following=[]), totalLikes=0, totalReplies=0, totalReposts=0, totalShares=0, isLiked=false, isReposted=false, isBookmarked=false, bookmarkCount=3, repostUsersId=[], replyPost=null), PostDto(id=128, content=yuyiuyiy, image=, video=, audio=null, createdAt=2025-08-19T20:56:04.200513, modifiedAt=null, user=UserDto(id=110, firstName=Иван , lastName=Афиногенов, fullName=Афиногенов Иван , email=zivert@cai.mail.com, password=null, location=null, statement=null, website=null, birthDate=null, phoneNumber=null, profilePictureUrl=null, coverPictureUrl=null, image=null, backgroundImage=null, bio=null, gender=null, language=null, city=null, country=null, timezone=null, address=null, postalCode=null, interests=null, skills=null, education=null, occupation=null, company=null, websiteCompanyYoutube=null, websiteCompanyVk=null, websiteCompanyOk=null, websiteCompanyTelegram=null, req_user=false, followed=false, isVerified=false, login_via_google=false, login_via_vk=false, followers=[], following=[]), totalLikes=0, totalReplies=0, totalReposts=0, totalShares=0, isLiked=false, isReposted=false, isBookmarked=false, bookmarkCount=3, repostUsersId=[], replyPost=null), PostDto(id=129, content=kljklj, image=, video=, audio=null, createdAt=2025-08-20T11:02:36.369141, modifiedAt=null, user=UserDto(id=110, firstName=Иван , lastName=Афиногенов, fullName=Афиногенов Иван , email=zivert@cai.mail.com, password=null, location=null, statement=null, website=null, birthDate=null, phoneNumber=null, profilePictureUrl=null, coverPictureUrl=null, image=null, backgroundImage=null, bio=null, gender=null, language=null, city=null, country=null, timezone=null, address=null, postalCode=null, interests=null, skills=null, education=null, occupation=null, company=null, websiteCompanyYoutube=null, websiteCompanyVk=null, websiteCompanyOk=null, websiteCompanyTelegram=null, req_user=false, followed=false, isVerified=false, login_via_google=false, login_via_vk=false, followers=[], following=[]), totalLikes=0, totalReplies=0, totalReposts=0, totalShares=0, isLiked=false, isReposted=false, isBookmarked=false, bookmarkCount=3, repostUsersId=[], replyPost=null)]]
2025-08-20 13:15:52 [http-nio-8187-exec-6] TRACE o.s.web.servlet.DispatcherServlet - No view rendering, null ModelAndView returned.
2025-08-20 13:15:52 [http-nio-8187-exec-6] DEBUG o.s.web.servlet.DispatcherServlet - Completed 200 OK, headers={masked}
2025-08-20 13:17:06 [http-nio-8187-exec-9] TRACE o.s.web.servlet.DispatcherServlet - GET "/auth/signIn", parameters={}, headers={masked} in DispatcherServlet 'dispatcherServlet'
2025-08-20 13:17:06 [http-nio-8187-exec-9] WARN  o.s.w.s.m.s.DefaultHandlerExceptionResolver - Resolved [org.springframework.web.HttpRequestMethodNotSupportedException: Request method 'GET' not supported]
2025-08-20 13:17:06 [http-nio-8187-exec-9] TRACE o.s.web.servlet.DispatcherServlet - No view rendering, null ModelAndView returned.
2025-08-20 13:17:06 [http-nio-8187-exec-9] DEBUG o.s.web.servlet.DispatcherServlet - Completed 405 METHOD_NOT_ALLOWED, headers={masked}
2025-08-20 13:17:06 [http-nio-8187-exec-9] TRACE o.s.web.servlet.DispatcherServlet - "ERROR" dispatch for GET "/error", parameters={}, headers={masked} in DispatcherServlet 'dispatcherServlet'
2025-08-20 13:17:06 [http-nio-8187-exec-9] TRACE o.s.w.s.m.m.a.RequestMappingHandlerMapping - 2 matching mappings: [{ [/error]}, { [/error], produces [text/html]}]
2025-08-20 13:17:06 [http-nio-8187-exec-9] TRACE o.s.w.s.m.m.a.RequestMappingHandlerMapping - Mapped to org.springframework.boot.autoconfigure.web.servlet.error.BasicErrorController#error(HttpServletRequest)
2025-08-20 13:17:06 [http-nio-8187-exec-9] TRACE o.s.web.method.HandlerMethod - Arguments: [SecurityContextHolderAwareRequestWrapper[ FirewalledRequest[ org.apache.catalina.core.ApplicationHttpRequest@7ca56e8b]]]
2025-08-20 13:17:06 [http-nio-8187-exec-9] DEBUG o.s.w.s.m.m.a.HttpEntityMethodProcessor - Using 'application/json', given [application/json, text/plain, */*] and supported [application/json, application/*+json, application/json, application/*+json, application/cbor]
2025-08-20 13:17:06 [http-nio-8187-exec-9] TRACE o.s.w.s.m.m.a.HttpEntityMethodProcessor - Writing [{timestamp=Wed Aug 20 13:17:06 VLAT 2025, status=405, error=Method Not Allowed, trace=org.springframework.web.HttpRequestMethodNotSupportedException: Request method 'GET' not supported
	at org.springframework.web.servlet.mvc.method.RequestMappingInfoHandlerMapping.handleNoMatch(RequestMappingInfoHandlerMapping.java:253)
	at org.springframework.web.servlet.handler.AbstractHandlerMethodMapping.lookupHandlerMethod(AbstractHandlerMethodMapping.java:442)
	at org.springframework.web.servlet.handler.AbstractHandlerMethodMapping.getHandlerInternal(AbstractHandlerMethodMapping.java:383)
	at org.springframework.web.servlet.mvc.method.RequestMappingInfoHandlerMapping.getHandlerInternal(RequestMappingInfoHandlerMapping.java:125)
	at org.springframework.web.servlet.mvc.method.RequestMappingInfoHandlerMapping.getHandlerInternal(RequestMappingInfoHandlerMapping.java:67)
	at org.springframework.web.servlet.handler.AbstractHandlerMapping.getHandler(AbstractHandlerMapping.java:498)
	at org.springframework.web.servlet.DispatcherServlet.getHandler(DispatcherServlet.java:1265)
	at org.springframework.web.servlet.DispatcherServlet.doDispatch(DispatcherServlet.java:1047)
	at org.springframework.web.servlet.DispatcherServlet.doService(DispatcherServlet.java:964)
	at org.springframework.web.servlet.FrameworkServlet.processRequest(FrameworkServlet.java:1006)
	at org.springframework.web.servlet.FrameworkServlet.doGet(FrameworkServlet.java:898)
	at javax.servlet.http.HttpServlet.service(HttpServlet.java:655)
	at org.springframework.web.servlet.FrameworkServlet.service(FrameworkServlet.java:883)
	at javax.servlet.http.HttpServlet.service(HttpServlet.java:764)
	at org.apache.catalina.core.ApplicationFilterChain.internalDoFilter(ApplicationFilterChain.java:227)
	at org.apache.catalina.core.ApplicationFilterChain.doFilter(ApplicationFilterChain.java:162)
	at org.apache.tomcat.websocket.server.WsFilter.doFilter(WsFilter.java:53)
	at org.apache.catalina.core.ApplicationFilterChain.internalDoFilter(ApplicationFilterChain.java:189)
	at org.apache.catalina.core.ApplicationFilterChain.doFilter(ApplicationFilterChain.java:162)
	at org.springframework.security.web.FilterChainProxy$VirtualFilterChain.doFilter(FilterChainProxy.java:337)
	at org.springframework.security.web.access.intercept.AuthorizationFilter.doFilterInternal(AuthorizationFilter.java:73)
	at org.springframework.web.filter.OncePerRequestFilter.doFilter(OncePerRequestFilter.java:117)
	at org.springframework.security.web.FilterChainProxy$VirtualFilterChain.doFilter(FilterChainProxy.java:346)
	at org.springframework.security.web.access.ExceptionTranslationFilter.doFilter(ExceptionTranslationFilter.java:122)
	at org.springframework.security.web.access.ExceptionTranslationFilter.doFilter(ExceptionTranslationFilter.java:116)
	at org.springframework.security.web.FilterChainProxy$VirtualFilterChain.doFilter(FilterChainProxy.java:346)
	at org.springframework.security.web.session.SessionManagementFilter.doFilter(SessionManagementFilter.java:126)
	at org.springframework.security.web.session.SessionManagementFilter.doFilter(SessionManagementFilter.java:81)
	at org.springframework.security.web.FilterChainProxy$VirtualFilterChain.doFilter(FilterChainProxy.java:346)
	at org.springframework.security.web.authentication.AnonymousAuthenticationFilter.doFilter(AnonymousAuthenticationFilter.java:109)
	at org.springframework.security.web.FilterChainProxy$VirtualFilterChain.doFilter(FilterChainProxy.java:346)
	at org.springframework.security.web.servletapi.SecurityContextHolderAwareRequestFilter.doFilter(SecurityContextHolderAwareRequestFilter.java:149)
	at org.springframework.security.web.FilterChainProxy$VirtualFilterChain.doFilter(FilterChainProxy.java:346)
	at org.springframework.security.web.savedrequest.RequestCacheAwareFilter.doFilter(RequestCacheAwareFilter.java:63)
	at org.springframework.security.web.FilterChainProxy$VirtualFilterChain.doFilter(FilterChainProxy.java:346)
	at ru.lomov.flashbackend.config.JwtTokenValidator.doFilterInternal(JwtTokenValidator.java:43)
	at org.springframework.web.filter.OncePerRequestFilter.doFilter(OncePerRequestFilter.java:117)
	at org.springframework.security.web.FilterChainProxy$VirtualFilterChain.doFilter(FilterChainProxy.java:346)
	at org.springframework.web.filter.CorsFilter.doFilterInternal(CorsFilter.java:91)
	at org.springframework.web.filter.OncePerRequestFilter.doFilter(OncePerRequestFilter.java:117)
	at org.springframework.security.web.FilterChainProxy$VirtualFilterChain.doFilter(FilterChainProxy.java:346)
	at org.springframework.security.web.header.HeaderWriterFilter.doHeadersAfter(HeaderWriterFilter.java:90)
	at org.springframework.security.web.header.HeaderWriterFilter.doFilterInternal(HeaderWriterFilter.java:75)
	at org.springframework.web.filter.OncePerRequestFilter.doFilter(OncePerRequestFilter.java:117)
	at org.springframework.security.web.FilterChainProxy$VirtualFilterChain.doFilter(FilterChainProxy.java:346)
	at org.springframework.security.web.context.SecurityContextPersistenceFilter.doFilter(SecurityContextPersistenceFilter.java:112)
	at org.springframework.security.web.context.SecurityContextPersistenceFilter.doFilter(SecurityContextPersistenceFilter.java:82)
	at org.springframework.security.web.FilterChainProxy$VirtualFilterChain.doFilter(FilterChainProxy.java:346)
	at org.springframework.security.web.context.request.async.WebAsyncManagerIntegrationFilter.doFilterInternal(WebAsyncManagerIntegrationFilter.java:55)
	at org.springframework.web.filter.OncePerRequestFilter.doFilter(OncePerRequestFilter.java:117)
	at org.springframework.security.web.FilterChainProxy$VirtualFilterChain.doFilter(FilterChainProxy.java:346)
	at org.springframework.security.web.session.DisableEncodeUrlFilter.doFilterInternal(DisableEncodeUrlFilter.java:42)
	at org.springframework.web.filter.OncePerRequestFilter.doFilter(OncePerRequestFilter.java:117)
	at org.springframework.security.web.FilterChainProxy$VirtualFilterChain.doFilter(FilterChainProxy.java:346)
	at org.springframework.security.web.FilterChainProxy.doFilterInternal(FilterChainProxy.java:221)
	at org.springframework.security.web.FilterChainProxy.doFilter(FilterChainProxy.java:186)
	at org.springframework.web.filter.DelegatingFilterProxy.invokeDelegate(DelegatingFilterProxy.java:354)
	at org.springframework.web.filter.DelegatingFilterProxy.doFilter(DelegatingFilterProxy.java:267)
	at org.apache.catalina.core.ApplicationFilterChain.internalDoFilter(ApplicationFilterChain.java:189)
	at org.apache.catalina.core.ApplicationFilterChain.doFilter(ApplicationFilterChain.java:162)
	at org.springframework.web.filter.RequestContextFilter.doFilterInternal(RequestContextFilter.java:100)
	at org.springframework.web.filter.OncePerRequestFilter.doFilter(OncePerRequestFilter.java:117)
	at org.apache.catalina.core.ApplicationFilterChain.internalDoFilter(ApplicationFilterChain.java:189)
	at org.apache.catalina.core.ApplicationFilterChain.doFilter(ApplicationFilterChain.java:162)
	at org.springframework.web.filter.FormContentFilter.doFilterInternal(FormContentFilter.java:93)
	at org.springframework.web.filter.OncePerRequestFilter.doFilter(OncePerRequestFilter.java:117)
	at org.apache.catalina.core.ApplicationFilterChain.internalDoFilter(ApplicationFilterChain.java:189)
	at org.apache.catalina.core.ApplicationFilterChain.doFilter(ApplicationFilterChain.java:162)
	at org.springframework.web.filter.CharacterEncodingFilter.doFilterInternal(CharacterEncodingFilter.java:201)
	at org.springframework.web.filter.OncePerRequestFilter.doFilter(OncePerRequestFilter.java:117)
	at org.apache.catalina.core.ApplicationFilterChain.internalDoFilter(ApplicationFilterChain.java:189)
	at org.apache.catalina.core.ApplicationFilterChain.doFilter(ApplicationFilterChain.java:162)
	at org.apache.catalina.core.StandardWrapperValve.invoke(StandardWrapperValve.java:197)
	at org.apache.catalina.core.StandardContextValve.invoke(StandardContextValve.java:97)
	at org.apache.catalina.authenticator.AuthenticatorBase.invoke(AuthenticatorBase.java:541)
	at org.apache.catalina.core.StandardHostValve.invoke(StandardHostValve.java:135)
	at org.apache.catalina.valves.ErrorReportValve.invoke(ErrorReportValve.java:92)
	at org.apache.catalina.core.StandardEngineValve.invoke(StandardEngineValve.java:78)
	at org.apache.catalina.connector.CoyoteAdapter.service(CoyoteAdapter.java:360)
	at org.apache.coyote.http11.Http11Processor.service(Http11Processor.java:399)
	at org.apache.coyote.AbstractProcessorLight.process(AbstractProcessorLight.java:65)
	at org.apache.coyote.AbstractProtocol$ConnectionHandler.process(AbstractProtocol.java:890)
	at org.apache.tomcat.util.net.NioEndpoint$SocketProcessor.doRun(NioEndpoint.java:1789)
	at org.apache.tomcat.util.net.SocketProcessorBase.run(SocketProcessorBase.java:49)
	at org.apache.tomcat.util.threads.ThreadPoolExecutor.runWorker(ThreadPoolExecutor.java:1191)
	at org.apache.tomcat.util.threads.ThreadPoolExecutor$Worker.run(ThreadPoolExecutor.java:659)
	at org.apache.tomcat.util.threads.TaskThread$WrappingRunnable.run(TaskThread.java:61)
	at java.base/java.lang.Thread.run(Thread.java:840)
, message=Request method 'GET' not supported, path=/auth/signIn}]
2025-08-20 13:17:06 [http-nio-8187-exec-9] TRACE o.s.web.servlet.DispatcherServlet - No view rendering, null ModelAndView returned.
2025-08-20 13:17:06 [http-nio-8187-exec-9] DEBUG o.s.web.servlet.DispatcherServlet - Exiting from "ERROR" dispatch, status 405, headers={masked}
2025-08-20 13:48:07 [SpringApplicationShutdownHook] INFO  o.s.o.j.LocalContainerEntityManagerFactoryBean - Closing JPA EntityManagerFactory for persistence unit 'default'
2025-08-20 13:48:07 [SpringApplicationShutdownHook] INFO  com.zaxxer.hikari.HikariDataSource - HikariPool-1 - Shutdown initiated...
2025-08-20 13:48:07 [SpringApplicationShutdownHook] INFO  com.zaxxer.hikari.HikariDataSource - HikariPool-1 - Shutdown completed.
2025-08-20 13:48:36 [restartedMain] INFO  r.l.f.FlashBackendApplication - Starting FlashBackendApplication using Java 17.0.13 on WIN-UN3TDHLUABS with PID 16632 (C:\Папка Папок\flash-spring\flash-backend\target\classes started by lomov in C:\Папка Папок\flash-spring)
2025-08-20 13:48:36 [restartedMain] DEBUG r.l.f.FlashBackendApplication - Running with Spring Boot v2.7.4, Spring v5.3.23
2025-08-20 13:48:36 [restartedMain] INFO  r.l.f.FlashBackendApplication - No active profile set, falling back to 1 default profile: "default"
2025-08-20 13:48:36 [restartedMain] INFO  o.s.b.d.e.DevToolsPropertyDefaultsPostProcessor - Devtools property defaults active! Set 'spring.devtools.add-properties' to 'false' to disable
2025-08-20 13:48:39 [restartedMain] INFO  o.s.d.r.c.RepositoryConfigurationDelegate - Multiple Spring Data modules found, entering strict repository configuration mode
2025-08-20 13:48:39 [restartedMain] INFO  o.s.d.r.c.RepositoryConfigurationDelegate - Bootstrapping Spring Data JDBC repositories in DEFAULT mode.
2025-08-20 13:48:39 [restartedMain] INFO  o.s.d.r.c.RepositoryConfigurationExtensionSupport - Spring Data JDBC - Could not safely identify store assignment for repository candidate interface ru.lomov.flashbackend.repositories.AchievementRepository; If you want this repository to be a JDBC repository, consider annotating your entities with one of these annotations: org.springframework.data.relational.core.mapping.Table.
2025-08-20 13:48:39 [restartedMain] INFO  o.s.d.r.c.RepositoryConfigurationExtensionSupport - Spring Data JDBC - Could not safely identify store assignment for repository candidate interface ru.lomov.flashbackend.repositories.CommentRepository; If you want this repository to be a JDBC repository, consider annotating your entities with one of these annotations: org.springframework.data.relational.core.mapping.Table.
2025-08-20 13:48:39 [restartedMain] INFO  o.s.d.r.c.RepositoryConfigurationExtensionSupport - Spring Data JDBC - Could not safely identify store assignment for repository candidate interface ru.lomov.flashbackend.repositories.LikeRepository; If you want this repository to be a JDBC repository, consider annotating your entities with one of these annotations: org.springframework.data.relational.core.mapping.Table.
2025-08-20 13:48:39 [restartedMain] INFO  o.s.d.r.c.RepositoryConfigurationExtensionSupport - Spring Data JDBC - Could not safely identify store assignment for repository candidate interface ru.lomov.flashbackend.repositories.MediaFileRepository; If you want this repository to be a JDBC repository, consider annotating your entities with one of these annotations: org.springframework.data.relational.core.mapping.Table.
2025-08-20 13:48:39 [restartedMain] INFO  o.s.d.r.c.RepositoryConfigurationExtensionSupport - Spring Data JDBC - Could not safely identify store assignment for repository candidate interface ru.lomov.flashbackend.repositories.PinRepository; If you want this repository to be a JDBC repository, consider annotating your entities with one of these annotations: org.springframework.data.relational.core.mapping.Table.
2025-08-20 13:48:39 [restartedMain] INFO  o.s.d.r.c.RepositoryConfigurationExtensionSupport - Spring Data JDBC - Could not safely identify store assignment for repository candidate interface ru.lomov.flashbackend.repositories.PostAnalyticsRepository; If you want this repository to be a JDBC repository, consider annotating your entities with one of these annotations: org.springframework.data.relational.core.mapping.Table.
2025-08-20 13:48:39 [restartedMain] INFO  o.s.d.r.c.RepositoryConfigurationExtensionSupport - Spring Data JDBC - Could not safely identify store assignment for repository candidate interface ru.lomov.flashbackend.repositories.PostRepository; If you want this repository to be a JDBC repository, consider annotating your entities with one of these annotations: org.springframework.data.relational.core.mapping.Table.
2025-08-20 13:48:39 [restartedMain] INFO  o.s.d.r.c.RepositoryConfigurationExtensionSupport - Spring Data JDBC - Could not safely identify store assignment for repository candidate interface ru.lomov.flashbackend.repositories.ReportRepository; If you want this repository to be a JDBC repository, consider annotating your entities with one of these annotations: org.springframework.data.relational.core.mapping.Table.
2025-08-20 13:48:39 [restartedMain] INFO  o.s.d.r.c.RepositoryConfigurationExtensionSupport - Spring Data JDBC - Could not safely identify store assignment for repository candidate interface ru.lomov.flashbackend.repositories.RoleRepository; If you want this repository to be a JDBC repository, consider annotating your entities with one of these annotations: org.springframework.data.relational.core.mapping.Table.
2025-08-20 13:48:39 [restartedMain] INFO  o.s.d.r.c.RepositoryConfigurationExtensionSupport - Spring Data JDBC - Could not safely identify store assignment for repository candidate interface ru.lomov.flashbackend.repositories.ShareRepository; If you want this repository to be a JDBC repository, consider annotating your entities with one of these annotations: org.springframework.data.relational.core.mapping.Table.
2025-08-20 13:48:39 [restartedMain] INFO  o.s.d.r.c.RepositoryConfigurationExtensionSupport - Spring Data JDBC - Could not safely identify store assignment for repository candidate interface ru.lomov.flashbackend.repositories.UserRepository; If you want this repository to be a JDBC repository, consider annotating your entities with one of these annotations: org.springframework.data.relational.core.mapping.Table.
2025-08-20 13:48:39 [restartedMain] INFO  o.s.d.r.c.RepositoryConfigurationDelegate - Finished Spring Data repository scanning in 110 ms. Found 0 JDBC repository interfaces.
2025-08-20 13:48:39 [restartedMain] INFO  o.s.d.r.c.RepositoryConfigurationDelegate - Multiple Spring Data modules found, entering strict repository configuration mode
2025-08-20 13:48:39 [restartedMain] INFO  o.s.d.r.c.RepositoryConfigurationDelegate - Bootstrapping Spring Data JPA repositories in DEFAULT mode.
2025-08-20 13:48:39 [restartedMain] INFO  o.s.d.r.c.RepositoryConfigurationDelegate - Finished Spring Data repository scanning in 98 ms. Found 11 JPA repository interfaces.
2025-08-20 13:48:40 [restartedMain] INFO  o.s.b.w.e.tomcat.TomcatWebServer - Tomcat initialized with port(s): 8187 (http)
2025-08-20 13:48:40 [restartedMain] INFO  o.a.catalina.core.StandardService - Starting service [Tomcat]
2025-08-20 13:48:40 [restartedMain] INFO  o.a.catalina.core.StandardEngine - Starting Servlet engine: [Apache Tomcat/9.0.65]
2025-08-20 13:48:41 [restartedMain] INFO  o.a.c.c.C.[Tomcat].[localhost].[/] - Initializing Spring embedded WebApplicationContext
2025-08-20 13:48:41 [restartedMain] INFO  o.s.b.w.s.c.ServletWebServerApplicationContext - Root WebApplicationContext: initialization completed in 4860 ms
2025-08-20 13:48:41 [restartedMain] TRACE o.s.b.w.s.ServletContextInitializerBeans - Added existing Filter initializer bean 'securityFilterChainRegistration'; order=-100, resource=class path resource [org/springframework/boot/autoconfigure/security/servlet/SecurityFilterAutoConfiguration.class]
2025-08-20 13:48:41 [restartedMain] TRACE o.s.b.w.s.ServletContextInitializerBeans - Added existing Servlet initializer bean 'dispatcherServletRegistration'; order=2147483647, resource=class path resource [org/springframework/boot/autoconfigure/web/servlet/DispatcherServletAutoConfiguration$DispatcherServletRegistrationConfiguration.class]
2025-08-20 13:48:41 [restartedMain] TRACE o.s.b.w.s.ServletContextInitializerBeans - Added existing Filter initializer bean 'errorPageSecurityFilter'; order=2147483647, resource=class path resource [org/springframework/boot/autoconfigure/security/servlet/SpringBootWebSecurityConfiguration$ErrorPageSecurityFilterConfiguration.class]
2025-08-20 13:48:41 [restartedMain] TRACE o.s.b.w.s.ServletContextInitializerBeans - Created Filter initializer for bean 'characterEncodingFilter'; order=-2147483648, resource=class path resource [org/springframework/boot/autoconfigure/web/servlet/HttpEncodingAutoConfiguration.class]
2025-08-20 13:48:41 [restartedMain] TRACE o.s.b.w.s.ServletContextInitializerBeans - Created Filter initializer for bean 'formContentFilter'; order=-9900, resource=class path resource [org/springframework/boot/autoconfigure/web/servlet/WebMvcAutoConfiguration.class]
2025-08-20 13:48:41 [restartedMain] TRACE o.s.b.w.s.ServletContextInitializerBeans - Created Filter initializer for bean 'requestContextFilter'; order=-105, resource=class path resource [org/springframework/boot/autoconfigure/web/servlet/WebMvcAutoConfiguration$WebMvcAutoConfigurationAdapter.class]
2025-08-20 13:48:41 [restartedMain] DEBUG o.s.b.w.s.ServletContextInitializerBeans - Mapping filters: springSecurityFilterChain urls=[/*] order=-100, filterRegistrationBean urls=[/*] order=2147483647, characterEncodingFilter urls=[/*] order=-2147483648, formContentFilter urls=[/*] order=-9900, requestContextFilter urls=[/*] order=-105
2025-08-20 13:48:41 [restartedMain] DEBUG o.s.b.w.s.ServletContextInitializerBeans - Mapping servlets: dispatcherServlet urls=[/]
2025-08-20 13:48:41 [restartedMain] INFO  o.h.jpa.internal.util.LogHelper - HHH000204: Processing PersistenceUnitInfo [name: default]
2025-08-20 13:48:41 [restartedMain] INFO  org.hibernate.Version - HHH000412: Hibernate ORM core version 5.6.11.Final
2025-08-20 13:48:42 [restartedMain] INFO  o.h.annotations.common.Version - HCANN000001: Hibernate Commons Annotations {5.1.2.Final}
2025-08-20 13:48:42 [restartedMain] INFO  com.zaxxer.hikari.HikariDataSource - HikariPool-1 - Starting...
2025-08-20 13:48:42 [restartedMain] INFO  com.zaxxer.hikari.HikariDataSource - HikariPool-1 - Start completed.
2025-08-20 13:48:42 [restartedMain] INFO  org.hibernate.dialect.Dialect - HHH000400: Using dialect: org.hibernate.dialect.PostgreSQL10Dialect
2025-08-20 13:48:45 [restartedMain] INFO  o.h.e.t.j.p.i.JtaPlatformInitiator - HHH000490: Using JtaPlatform implementation: [org.hibernate.engine.transaction.jta.platform.internal.NoJtaPlatform]
2025-08-20 13:48:45 [restartedMain] INFO  o.s.o.j.LocalContainerEntityManagerFactoryBean - Initialized JPA EntityManagerFactory for persistence unit 'default'
2025-08-20 13:48:49 [restartedMain] INFO  o.s.s.web.DefaultSecurityFilterChain - Will secure any request with [org.springframework.security.web.session.DisableEncodeUrlFilter@296f73ac, org.springframework.security.web.context.request.async.WebAsyncManagerIntegrationFilter@67bbf674, org.springframework.security.web.context.SecurityContextPersistenceFilter@5785d6ef, org.springframework.security.web.header.HeaderWriterFilter@5af8fc79, org.springframework.web.filter.CorsFilter@62cebdf4, ru.lomov.flashbackend.config.JwtTokenValidator@7f4c8556, org.springframework.security.web.savedrequest.RequestCacheAwareFilter@5a36ff2e, org.springframework.security.web.servletapi.SecurityContextHolderAwareRequestFilter@51871172, org.springframework.security.web.authentication.AnonymousAuthenticationFilter@2dec6b00, org.springframework.security.web.session.SessionManagementFilter@626b7f2d, org.springframework.security.web.access.ExceptionTranslationFilter@43c98891, org.springframework.security.web.access.intercept.AuthorizationFilter@69afc79a]
2025-08-20 13:48:49 [restartedMain] WARN  o.s.b.a.o.j.JpaBaseConfiguration$JpaWebConfiguration - spring.jpa.open-in-view is enabled by default. Therefore, database queries may be performed during view rendering. Explicitly configure spring.jpa.open-in-view to disable this warning
2025-08-20 13:48:50 [restartedMain] DEBUG o.s.w.s.m.m.a.RequestMappingHandlerAdapter - ControllerAdvice beans: 0 @ModelAttribute, 0 @InitBinder, 1 RequestBodyAdvice, 1 ResponseBodyAdvice
2025-08-20 13:48:50 [restartedMain] TRACE o.s.w.s.m.m.a.RequestMappingHandlerMapping - 
	r.l.f.c.AuthController:
	{POST [/auth/signIn]}: signIn(AppUser)
	{POST [/auth/signup]}: registerUser(AppUser)
2025-08-20 13:48:50 [restartedMain] TRACE o.s.w.s.m.m.a.RequestMappingHandlerMapping - 
	r.l.f.c.CommentController:
	{GET [/api/comments/{id}]}: getComment(Long)
	{POST [/api/comments/reply]}: createReply(CommentReplyRequest,String)
	{POST [/api/comments]}: createComment(Comment,String)
	{GET [/api/comments]}: getComments()
	{DELETE [/api/comments/{id}]}: deleteComment(Long)
2025-08-20 13:48:50 [restartedMain] TRACE o.s.w.s.m.m.a.RequestMappingHandlerMapping - 
	r.l.f.c.HealthController:
	{GET [/api/health/status]}: getStatus()
	{GET [/api/health]}: getHealth()
2025-08-20 13:48:50 [restartedMain] TRACE o.s.w.s.m.m.a.RequestMappingHandlerMapping - 
	r.l.f.c.HomeController:
	{GET [/]}: greetingHandler()
2025-08-20 13:48:50 [restartedMain] TRACE o.s.w.s.m.m.a.RequestMappingHandlerMapping - 
	r.l.f.c.LikeController:
	{POST [/api/{postId}/like]}: likePost(Long,String)
	{POST [/api/post/{postId}]}: getAllLikes(Long,String)
2025-08-20 13:48:50 [restartedMain] TRACE o.s.w.s.m.m.a.RequestMappingHandlerMapping - 
	r.l.f.c.MediaFileController:
	{GET [/api/files/{fileId}]}: getFile(Long,Authentication)
	{GET [/api/files/url/{fileId}]}: getFileUrl(Long,Authentication)
	{POST [/api/files/upload]}: uploadFile(MultipartFile,Authentication)
	{DELETE [/api/files/{fileId}]}: deleteFile(Long,Authentication)
	{GET [/api/files/user]}: getUserFiles(Authentication)
	{GET [/api/files/download/{fileId}]}: downloadFile(Long,Authentication)
	{GET [/api/files/user/paged]}: getUserFilesPaged(Pageable,Authentication)
	{GET [/api/files/search]}: searchFiles(String,Authentication)
2025-08-20 13:48:50 [restartedMain] TRACE o.s.w.s.m.m.a.RequestMappingHandlerMapping - 
	r.l.f.c.PostController:
	{GET [/api/posts/{postId}/analytics]}: getPostAnalytics(Long,String)
	{POST [/api/posts/{postId}/report]}: reportPost(Long,String,String,String)
	{GET [/api/posts]}: findAllPosts(String)
	{POST [/api/posts]}: createPost(Post,String)
	{PUT [/api/posts/{postId}/pin]}: pinPost(Long,boolean,String)
	{GET [/api/posts/{postId}]}: findPostByPostId(Long,String)
2025-08-20 13:48:50 [restartedMain] TRACE o.s.w.s.m.m.a.RequestMappingHandlerMapping - 
	r.l.f.c.RoleController:
	{POST [/api/roles/users/{userId}/roles]}: assignRoleToUser(Long,Role)
	{GET [/api/roles]}: getAllRoles()
	{DELETE [/api/roles/users/{userId}/roles/{roleId}]}: removeRoleFromUser(Long,Long)
	{GET [/api/roles/{id}]}: getRoleById(Long)
	{POST [/api/roles]}: createRole(Role)
	{PUT [/api/roles/{id}]}: updateRole(Long,Role)
	{DELETE [/api/roles/{id}]}: deleteRole(Long)
	{GET [/api/roles/users/{userId}/roles]}: getRolesByUserId(Long)
2025-08-20 13:48:50 [restartedMain] TRACE o.s.w.s.m.m.a.RequestMappingHandlerMapping - 
	r.l.f.c.SearchController:
	{GET [/api/posts/search]}: searchPosts(String,String)
	{GET [/api/posts/trending]}: getTrendingPosts(String)
2025-08-20 13:48:50 [restartedMain] TRACE o.s.w.s.m.m.a.RequestMappingHandlerMapping - 
	r.l.f.c.ShareController:
	{GET [/api/{userId}/friends]}: getUserFriends(Long,String)
	{POST [/api/post/share/{postId}]}: getAllShares(Long,String)
	{POST [/api/{postId}/share]}: sharePost(Long,String)
	{POST [/api/{postId}/share-with-friends]}: sharePostWithFriends(Long,ShareWithFriendsDto,String)
2025-08-20 13:48:50 [restartedMain] TRACE o.s.w.s.m.m.a.RequestMappingHandlerMapping - 
	r.l.f.c.UserController:
	{PUT [/api/users/{userId}/unfollow]}: unfollowUser(Long,String)
	{GET [/api/users/profile]}: getUserProfile(String)
	{DELETE [/api/users/{userId}]}: deleteUser(Long,String)
	{PUT [/api/users]}: updateUser(AppUser,String)
	{PUT [/api/users/{userId}/follow]}: followUser(Long,String)
	{GET [/api/users/{userId}]}: getUserById(Long,String)
2025-08-20 13:48:50 [restartedMain] TRACE o.s.w.s.m.m.a.RequestMappingHandlerMapping - 
	o.s.b.a.w.s.e.BasicErrorController:
	{ [/error]}: error(HttpServletRequest)
	{ [/error], produces [text/html]}: errorHtml(HttpServletRequest,HttpServletResponse)
2025-08-20 13:48:50 [restartedMain] DEBUG o.s.w.s.m.m.a.RequestMappingHandlerMapping - 48 mappings in 'requestMappingHandlerMapping'
2025-08-20 13:48:50 [restartedMain] DEBUG o.s.w.s.h.BeanNameUrlHandlerMapping - Detected 0 mappings in 'beanNameHandlerMapping'
2025-08-20 13:48:50 [restartedMain] TRACE o.s.w.s.f.s.RouterFunctionMapping - 0 RouterFunction(s) in 'routerFunctionMapping'
2025-08-20 13:48:50 [restartedMain] TRACE o.s.w.s.h.SimpleUrlHandlerMapping - Mapped [/webjars/**] onto ResourceHttpRequestHandler [classpath [META-INF/resources/webjars/]]
2025-08-20 13:48:50 [restartedMain] TRACE o.s.w.s.h.SimpleUrlHandlerMapping - Mapped [/**] onto ResourceHttpRequestHandler [classpath [META-INF/resources/], classpath [resources/], classpath [static/], classpath [public/], ServletContext [/]]
2025-08-20 13:48:50 [restartedMain] DEBUG o.s.w.s.h.SimpleUrlHandlerMapping - Patterns [/webjars/**, /**] in 'resourceHandlerMapping'
2025-08-20 13:48:50 [restartedMain] DEBUG o.s.w.s.m.m.a.ExceptionHandlerExceptionResolver - ControllerAdvice beans: 1 @ExceptionHandler, 1 ResponseBodyAdvice
2025-08-20 13:48:51 [restartedMain] INFO  o.s.b.d.a.OptionalLiveReloadServer - LiveReload server is running on port 35729
2025-08-20 13:48:51 [restartedMain] INFO  o.s.b.w.e.tomcat.TomcatWebServer - Tomcat started on port(s): 8187 (http) with context path ''
2025-08-20 13:48:51 [restartedMain] INFO  r.l.f.FlashBackendApplication - Started FlashBackendApplication in 16.247 seconds (JVM running for 23.746)
2025-08-20 13:56:12 [http-nio-8187-exec-1] INFO  o.a.c.c.C.[Tomcat].[localhost].[/] - Initializing Spring DispatcherServlet 'dispatcherServlet'
2025-08-20 13:56:12 [http-nio-8187-exec-1] INFO  o.s.web.servlet.DispatcherServlet - Initializing Servlet 'dispatcherServlet'
2025-08-20 13:56:12 [http-nio-8187-exec-1] TRACE o.s.web.servlet.DispatcherServlet - Detected org.springframework.web.multipart.support.StandardServletMultipartResolver@7d5f68e6
2025-08-20 13:56:12 [http-nio-8187-exec-1] TRACE o.s.web.servlet.DispatcherServlet - Detected org.springframework.web.servlet.i18n.AcceptHeaderLocaleResolver@36e7cca6
2025-08-20 13:56:12 [http-nio-8187-exec-1] TRACE o.s.web.servlet.DispatcherServlet - Detected org.springframework.web.servlet.theme.FixedThemeResolver@589b8a07
2025-08-20 13:56:12 [http-nio-8187-exec-1] TRACE o.s.web.servlet.DispatcherServlet - Detected DefaultRequestToViewNameTranslator
2025-08-20 13:56:12 [http-nio-8187-exec-1] TRACE o.s.web.servlet.DispatcherServlet - Detected SessionFlashMapManager
2025-08-20 13:56:12 [http-nio-8187-exec-1] DEBUG o.s.web.servlet.DispatcherServlet - enableLoggingRequestDetails='false': request parameters and headers will be masked to prevent unsafe logging of potentially sensitive data
2025-08-20 13:56:12 [http-nio-8187-exec-1] INFO  o.s.web.servlet.DispatcherServlet - Completed initialization in 49 ms
2025-08-20 13:56:13 [http-nio-8187-exec-1] TRACE o.s.web.servlet.DispatcherServlet - POST "/auth/signIn", parameters={}, headers={masked} in DispatcherServlet 'dispatcherServlet'
2025-08-20 13:56:13 [http-nio-8187-exec-1] TRACE o.s.w.s.m.m.a.RequestMappingHandlerMapping - Mapped to ru.lomov.flashbackend.controllers.AuthController#signIn(AppUser)
2025-08-20 13:56:13 [http-nio-8187-exec-1] TRACE o.s.w.s.m.m.a.RequestResponseBodyMethodProcessor - Read "application/json;charset=UTF-8" to [ru.lomov.flashbackend.entities.AppUser@f39a372]
2025-08-20 13:56:13 [http-nio-8187-exec-1] TRACE o.s.web.method.HandlerMethod - Arguments: [ru.lomov.flashbackend.entities.AppUser@f39a372]
2025-08-20 13:56:13 [http-nio-8187-exec-1] INFO  r.l.f.aspect.logging.LoggingAspect - [CONTROLLER-REQUEST] RequestId: 06d3d5c5-a14a-4120-9ca6-8d714eb88a6c, HTTP-Method: POST, URL: /auth/signIn, Controller: ru.lomov.flashbackend.controllers.AuthController.signIn(), Args: [ru.lomov.flashbackend.entities.AppUser@f39a372]
2025-08-20 13:56:13 [http-nio-8187-exec-1] INFO  SECURITY - [ACCESS-ATTEMPT] User: anonymousUser, Method: AuthController.signIn, IP: 0:0:0:0:0:0:0:1, User-Agent: Mozilla/5.0 (Windows NT 10.0; Win64; x64) AppleWebKit/537.36 (KHTML, like Gecko) Chrome/139.0.0.0 Safari/537.36
2025-08-20 13:56:13 [http-nio-8187-exec-1] DEBUG r.l.f.aspect.logging.LoggingAspect - [REPOSITORY-QUERY] RequestId: 06d3d5c5-a14a-4120-9ca6-8d714eb88a6c, Repository: ru.lomov.flashbackend.repositories.UserRepository.findAppUserByEmail(), Args: [zivert@cai.mail.com]
2025-08-20 13:56:16 [http-nio-8187-exec-1] WARN  PERFORMANCE - [SLOW-REPOSITORY] Method: findAppUserByEmail, Time: 2902ms, Class: $Proxy147
2025-08-20 13:56:16 [http-nio-8187-exec-1] DEBUG r.l.f.aspect.logging.LoggingAspect - [REPOSITORY-RESULT] RequestId: 06d3d5c5-a14a-4120-9ca6-8d714eb88a6c, Repository: ru.lomov.flashbackend.repositories.UserRepository.findAppUserByEmail(), Time: 2904ms, ResultCount: 1
2025-08-20 13:56:16 [http-nio-8187-exec-1] INFO  r.l.f.aspect.logging.LoggingAspect - [SERVICE-ENTRY] RequestId: 06d3d5c5-a14a-4120-9ca6-8d714eb88a6c, Method: ru.lomov.flashbackend.services.CustomUserDetailsServiceImplementation.loadUserByUsername(), Args: [zivert@cai.mail.com]
2025-08-20 13:56:16 [http-nio-8187-exec-1] DEBUG r.l.f.aspect.logging.LoggingAspect - [REPOSITORY-QUERY] RequestId: 06d3d5c5-a14a-4120-9ca6-8d714eb88a6c, Repository: ru.lomov.flashbackend.repositories.UserRepository.findAppUserByEmail(), Args: [zivert@cai.mail.com]
2025-08-20 13:56:16 [http-nio-8187-exec-1] DEBUG r.l.f.aspect.logging.LoggingAspect - [REPOSITORY-RESULT] RequestId: 06d3d5c5-a14a-4120-9ca6-8d714eb88a6c, Repository: ru.lomov.flashbackend.repositories.UserRepository.findAppUserByEmail(), Time: 2ms, ResultCount: 1
2025-08-20 13:56:16 [http-nio-8187-exec-1] INFO  r.l.f.aspect.logging.LoggingAspect - [SERVICE-EXIT] RequestId: 06d3d5c5-a14a-4120-9ca6-8d714eb88a6c, Method: ru.lomov.flashbackend.services.CustomUserDetailsServiceImplementation.loadUserByUsername(), Result: org.springframework.security.core.userdetails.User [Username=zivert@cai.mail.com, Password=[PROTECTED], Enabled=true, AccountNonExpired=true, credentialsNonExpired=true, AccountNonLocked=true, Granted Authorities=[]]
2025-08-20 13:56:16 [http-nio-8187-exec-1] INFO  r.l.f.aspect.logging.LoggingAspect - [SERVICE-ENTRY] RequestId: 06d3d5c5-a14a-4120-9ca6-8d714eb88a6c, Method: ru.lomov.flashbackend.config.JwtProvider.generateToken(), Args: [UsernamePasswordAuthenticationToken [Principal=org.springframework.security.core.userdetails.User [Username=zivert@cai.mail.com, Password=[PROTECTED], Enabled=true, AccountNonExpired=true, credentialsNonExpired=true, AccountNonLocked=true, Granted Authorities=[]], Credentials=[PROTECTED], Authenticated=true, Details=null, Granted Authorities=[]]]
2025-08-20 13:56:19 [http-nio-8187-exec-1] WARN  PERFORMANCE - [SLOW-SERVICE] Method: generateToken, Time: 3020ms, Class: JwtProvider
2025-08-20 13:56:19 [http-nio-8187-exec-1] INFO  r.l.f.aspect.logging.LoggingAspect - [SERVICE-EXIT] RequestId: 06d3d5c5-a14a-4120-9ca6-8d714eb88a6c, Method: ru.lomov.flashbackend.config.JwtProvider.generateToken(), Result: eyJhbGciOiJIUzUxMiJ9.eyJpYXQiOjE3NTU2NjIxNzgsImV4cCI6MTc1NTc0ODU3OCwiZW1haWwiOiJ6aXZlcnRAY2FpLm1haWwuY29tIn0.vBsnhBrdGlAAqsWa-KGGWMdqRrv5A2xS1DeEaj_L4OXz19E6ZObcBce1J5NYtKPr562s1adUwx6ZWc6nXp-Sug
2025-08-20 13:56:19 [http-nio-8187-exec-1] INFO  r.l.f.controllers.AuthController - User signed in successfully: zivert@cai.mail.com
2025-08-20 13:56:19 [http-nio-8187-exec-1] WARN  PERFORMANCE - [SLOW-CONTROLLER] Method: signIn, Time: 6348ms, Class: AuthController
2025-08-20 13:56:19 [http-nio-8187-exec-1] INFO  r.l.f.aspect.logging.LoggingAspect - [CONTROLLER-RESPONSE] RequestId: 06d3d5c5-a14a-4120-9ca6-8d714eb88a6c, Controller: ru.lomov.flashbackend.controllers.AuthController.signIn(), Status: SUCCESS, Time: 6351ms
2025-08-20 13:56:20 [http-nio-8187-exec-1] DEBUG o.s.w.s.m.m.a.RequestResponseBodyMethodProcessor - Using 'application/json', given [application/json, text/plain, */*] and supported [application/json, application/*+json, application/json, application/*+json, application/cbor]
2025-08-20 13:56:20 [http-nio-8187-exec-1] TRACE o.s.w.s.m.m.a.RequestResponseBodyMethodProcessor - Writing [ru.lomov.flashbackend.responses.AuthResponse@5e71c9cb]
2025-08-20 13:56:20 [http-nio-8187-exec-1] TRACE o.s.web.servlet.DispatcherServlet - No view rendering, null ModelAndView returned.
2025-08-20 13:56:20 [http-nio-8187-exec-1] DEBUG o.s.web.servlet.DispatcherServlet - Completed 200 OK, headers={masked}
2025-08-20 13:56:21 [http-nio-8187-exec-2] TRACE o.s.web.servlet.DispatcherServlet - GET "/api/users/profile", parameters={}, headers={masked} in DispatcherServlet 'dispatcherServlet'
2025-08-20 13:56:21 [http-nio-8187-exec-2] TRACE o.s.w.s.m.m.a.RequestMappingHandlerMapping - Mapped to ru.lomov.flashbackend.controllers.UserController#getUserProfile(String)
2025-08-20 13:56:21 [http-nio-8187-exec-2] TRACE o.s.web.method.HandlerMethod - Arguments: [Bearer eyJhbGciOiJIUzUxMiJ9.eyJpYXQiOjE3NTU2NjIxNzgsImV4cCI6MTc1NTc0ODU3OCwiZW1haWwiOiJ6aXZlcnRAY2FpLm1haWwuY29tIn0.vBsnhBrdGlAAqsWa-KGGWMdqRrv5A2xS1DeEaj_L4OXz19E6ZObcBce1J5NYtKPr562s1adUwx6ZWc6nXp-Sug]
2025-08-20 13:56:21 [http-nio-8187-exec-2] INFO  r.l.f.aspect.logging.LoggingAspect - [CONTROLLER-REQUEST] RequestId: 09b7540f-f348-47fe-8f9c-1c32b778c9d8, HTTP-Method: GET, URL: /api/users/profile, Controller: ru.lomov.flashbackend.controllers.UserController.getUserProfile(), Args: [Bearer eyJhbGciOiJIUzUxMiJ9.eyJpYXQiOjE3NTU2NjIxNzgsImV4cCI6MTc1NTc0ODU3OCwiZW1haWwiOiJ6aXZlcnRAY2FpLm1haWwuY29tIn0.vBsnhBrdGlAAqsWa-KGGWMdqRrv5A2xS1DeEaj_L4OXz19E6ZObcBce1J5NYtKPr562s1adUwx6ZWc6nXp-Sug]
2025-08-20 13:56:21 [http-nio-8187-exec-2] INFO  SECURITY - [ACCESS-ATTEMPT] User: zivert@cai.mail.com, Method: UserController.getUserProfile, IP: 0:0:0:0:0:0:0:1, User-Agent: Mozilla/5.0 (Windows NT 10.0; Win64; x64) AppleWebKit/537.36 (KHTML, like Gecko) Chrome/139.0.0.0 Safari/537.36
2025-08-20 13:56:21 [http-nio-8187-exec-2] INFO  r.l.f.aspect.logging.LoggingAspect - [SERVICE-ENTRY] RequestId: 09b7540f-f348-47fe-8f9c-1c32b778c9d8, Method: ru.lomov.flashbackend.services.UserServiceImpl.findUserProfileByJwt(), Args: [Bearer eyJhbGciOiJIUzUxMiJ9.eyJpYXQiOjE3NTU2NjIxNzgsImV4cCI6MTc1NTc0ODU3OCwiZW1haWwiOiJ6aXZlcnRAY2FpLm1haWwuY29tIn0.vBsnhBrdGlAAqsWa-KGGWMdqRrv5A2xS1DeEaj_L4OXz19E6ZObcBce1J5NYtKPr562s1adUwx6ZWc6nXp-Sug]
2025-08-20 13:56:21 [http-nio-8187-exec-2] INFO  r.l.f.aspect.logging.LoggingAspect - [SERVICE-ENTRY] RequestId: 09b7540f-f348-47fe-8f9c-1c32b778c9d8, Method: ru.lomov.flashbackend.config.JwtProvider.getEmailFromToken(), Args: [Bearer eyJhbGciOiJIUzUxMiJ9.eyJpYXQiOjE3NTU2NjIxNzgsImV4cCI6MTc1NTc0ODU3OCwiZW1haWwiOiJ6aXZlcnRAY2FpLm1haWwuY29tIn0.vBsnhBrdGlAAqsWa-KGGWMdqRrv5A2xS1DeEaj_L4OXz19E6ZObcBce1J5NYtKPr562s1adUwx6ZWc6nXp-Sug]
2025-08-20 13:56:21 [http-nio-8187-exec-2] INFO  r.l.f.aspect.logging.LoggingAspect - [SERVICE-EXIT] RequestId: 09b7540f-f348-47fe-8f9c-1c32b778c9d8, Method: ru.lomov.flashbackend.config.JwtProvider.getEmailFromToken(), Result: zivert@cai.mail.com
2025-08-20 13:56:21 [http-nio-8187-exec-2] DEBUG r.l.f.aspect.logging.LoggingAspect - [REPOSITORY-QUERY] RequestId: 09b7540f-f348-47fe-8f9c-1c32b778c9d8, Repository: ru.lomov.flashbackend.repositories.UserRepository.findAppUserByEmail(), Args: [zivert@cai.mail.com]
2025-08-20 13:56:21 [http-nio-8187-exec-2] INFO  PERFORMANCE - [MEDIUM-REPOSITORY] Method: findAppUserByEmail, Time: 139ms, Class: $Proxy147
2025-08-20 13:56:21 [http-nio-8187-exec-2] DEBUG r.l.f.aspect.logging.LoggingAspect - [REPOSITORY-RESULT] RequestId: 09b7540f-f348-47fe-8f9c-1c32b778c9d8, Repository: ru.lomov.flashbackend.repositories.UserRepository.findAppUserByEmail(), Time: 141ms, ResultCount: 1
2025-08-20 13:56:21 [http-nio-8187-exec-2] INFO  PERFORMANCE - [MEDIUM-SERVICE] Method: findUserProfileByJwt, Time: 149ms, Class: UserServiceImpl
2025-08-20 13:56:21 [http-nio-8187-exec-2] INFO  r.l.f.aspect.logging.LoggingAspect - [SERVICE-EXIT] RequestId: 09b7540f-f348-47fe-8f9c-1c32b778c9d8, Method: ru.lomov.flashbackend.services.UserServiceImpl.findUserProfileByJwt(), Result: ru.lomov.flashbackend.entities.AppUser@4a56ab99
2025-08-20 13:56:21 [http-nio-8187-exec-2] INFO  r.l.f.controllers.UserController - User profile retrieved: zivert@cai.mail.com
2025-08-20 13:56:21 [http-nio-8187-exec-2] INFO  PERFORMANCE - [MEDIUM-CONTROLLER] Method: getUserProfile, Time: 458ms, Class: UserController
2025-08-20 13:56:21 [http-nio-8187-exec-2] INFO  r.l.f.aspect.logging.LoggingAspect - [CONTROLLER-RESPONSE] RequestId: 09b7540f-f348-47fe-8f9c-1c32b778c9d8, Controller: ru.lomov.flashbackend.controllers.UserController.getUserProfile(), Status: SUCCESS, Time: 458ms
2025-08-20 13:56:21 [http-nio-8187-exec-2] DEBUG o.s.w.s.m.m.a.RequestResponseBodyMethodProcessor - Using 'application/json', given [application/json, text/plain, */*] and supported [application/json, application/*+json, application/json, application/*+json, application/cbor]
2025-08-20 13:56:21 [http-nio-8187-exec-2] TRACE o.s.w.s.m.m.a.RequestResponseBodyMethodProcessor - Writing [UserDto(id=110, firstName=Иван , lastName=Афиногенов, fullName=Афиногенов Иван , email=zivert@cai.mail.com, password=null, location=null, statement=null, website=null, birthDate=null, phoneNumber=null, profilePictureUrl=null, coverPictureUrl=null, image=null, backgroundImage=null, bio=null, gender=null, language=null, city=null, country=null, timezone=null, address=null, postalCode=null, interests=null, skills=null, education=null, occupation=null, company=null, websiteCompanyYoutube=null, websiteCompanyVk=null, websiteCompanyOk=null, websiteCompanyTelegram=null, req_user=true, followed=false, isVerified=false, login_via_google=false, login_via_vk=false, followers=[], following=[])]
2025-08-20 13:56:21 [http-nio-8187-exec-2] TRACE o.s.web.servlet.DispatcherServlet - No view rendering, null ModelAndView returned.
2025-08-20 13:56:21 [http-nio-8187-exec-2] DEBUG o.s.web.servlet.DispatcherServlet - Completed 200 OK, headers={masked}
2025-08-20 13:56:22 [http-nio-8187-exec-4] TRACE o.s.web.servlet.DispatcherServlet - GET "/api/posts", parameters={}, headers={masked} in DispatcherServlet 'dispatcherServlet'
2025-08-20 13:56:22 [http-nio-8187-exec-4] TRACE o.s.w.s.m.m.a.RequestMappingHandlerMapping - Mapped to ru.lomov.flashbackend.controllers.PostController#findAllPosts(String)
2025-08-20 13:56:22 [http-nio-8187-exec-4] TRACE o.s.web.method.HandlerMethod - Arguments: [Bearer eyJhbGciOiJIUzUxMiJ9.eyJpYXQiOjE3NTU2NTk3NDcsImV4cCI6MTc1NTc0NjE0NywiZW1haWwiOiJ6aXZlcnRAY2FpLm1haWwuY29tIn0.Qi7fAFbpyceiU_fTMVaSnsrZ9M8xEQYVAKqu_PcqoHZR8zLjlEoJMbtkooMtpD6zdcMcftmJO8mSlSdZTrcJ7Q]
2025-08-20 13:56:22 [http-nio-8187-exec-4] INFO  r.l.f.aspect.logging.LoggingAspect - [CONTROLLER-REQUEST] RequestId: e04cd74a-2334-4c7f-9217-bad8b949c9a3, HTTP-Method: GET, URL: /api/posts, Controller: ru.lomov.flashbackend.controllers.PostController.findAllPosts(), Args: [Bearer eyJhbGciOiJIUzUxMiJ9.eyJpYXQiOjE3NTU2NTk3NDcsImV4cCI6MTc1NTc0NjE0NywiZW1haWwiOiJ6aXZlcnRAY2FpLm1haWwuY29tIn0.Qi7fAFbpyceiU_fTMVaSnsrZ9M8xEQYVAKqu_PcqoHZR8zLjlEoJMbtkooMtpD6zdcMcftmJO8mSlSdZTrcJ7Q]
2025-08-20 13:56:22 [http-nio-8187-exec-4] INFO  SECURITY - [ACCESS-ATTEMPT] User: zivert@cai.mail.com, Method: PostController.findAllPosts, IP: 0:0:0:0:0:0:0:1, User-Agent: Mozilla/5.0 (Windows NT 10.0; Win64; x64) AppleWebKit/537.36 (KHTML, like Gecko) Chrome/139.0.0.0 Safari/537.36
2025-08-20 13:56:22 [http-nio-8187-exec-4] INFO  r.l.f.aspect.logging.LoggingAspect - [SERVICE-ENTRY] RequestId: e04cd74a-2334-4c7f-9217-bad8b949c9a3, Method: ru.lomov.flashbackend.services.UserServiceImpl.findUserProfileByJwt(), Args: [Bearer eyJhbGciOiJIUzUxMiJ9.eyJpYXQiOjE3NTU2NTk3NDcsImV4cCI6MTc1NTc0NjE0NywiZW1haWwiOiJ6aXZlcnRAY2FpLm1haWwuY29tIn0.Qi7fAFbpyceiU_fTMVaSnsrZ9M8xEQYVAKqu_PcqoHZR8zLjlEoJMbtkooMtpD6zdcMcftmJO8mSlSdZTrcJ7Q]
2025-08-20 13:56:22 [http-nio-8187-exec-4] INFO  r.l.f.aspect.logging.LoggingAspect - [SERVICE-ENTRY] RequestId: e04cd74a-2334-4c7f-9217-bad8b949c9a3, Method: ru.lomov.flashbackend.config.JwtProvider.getEmailFromToken(), Args: [Bearer eyJhbGciOiJIUzUxMiJ9.eyJpYXQiOjE3NTU2NTk3NDcsImV4cCI6MTc1NTc0NjE0NywiZW1haWwiOiJ6aXZlcnRAY2FpLm1haWwuY29tIn0.Qi7fAFbpyceiU_fTMVaSnsrZ9M8xEQYVAKqu_PcqoHZR8zLjlEoJMbtkooMtpD6zdcMcftmJO8mSlSdZTrcJ7Q]
2025-08-20 13:56:22 [http-nio-8187-exec-4] INFO  r.l.f.aspect.logging.LoggingAspect - [SERVICE-EXIT] RequestId: e04cd74a-2334-4c7f-9217-bad8b949c9a3, Method: ru.lomov.flashbackend.config.JwtProvider.getEmailFromToken(), Result: zivert@cai.mail.com
2025-08-20 13:56:22 [http-nio-8187-exec-4] DEBUG r.l.f.aspect.logging.LoggingAspect - [REPOSITORY-QUERY] RequestId: e04cd74a-2334-4c7f-9217-bad8b949c9a3, Repository: ru.lomov.flashbackend.repositories.UserRepository.findAppUserByEmail(), Args: [zivert@cai.mail.com]
2025-08-20 13:56:23 [http-nio-8187-exec-4] INFO  PERFORMANCE - [MEDIUM-REPOSITORY] Method: findAppUserByEmail, Time: 666ms, Class: $Proxy147
2025-08-20 13:56:23 [http-nio-8187-exec-4] DEBUG r.l.f.aspect.logging.LoggingAspect - [REPOSITORY-RESULT] RequestId: e04cd74a-2334-4c7f-9217-bad8b949c9a3, Repository: ru.lomov.flashbackend.repositories.UserRepository.findAppUserByEmail(), Time: 666ms, ResultCount: 1
2025-08-20 13:56:23 [http-nio-8187-exec-4] INFO  PERFORMANCE - [MEDIUM-SERVICE] Method: findUserProfileByJwt, Time: 669ms, Class: UserServiceImpl
2025-08-20 13:56:23 [http-nio-8187-exec-4] INFO  r.l.f.aspect.logging.LoggingAspect - [SERVICE-EXIT] RequestId: e04cd74a-2334-4c7f-9217-bad8b949c9a3, Method: ru.lomov.flashbackend.services.UserServiceImpl.findUserProfileByJwt(), Result: ru.lomov.flashbackend.entities.AppUser@4d6aa48c
2025-08-20 13:56:23 [http-nio-8187-exec-4] INFO  r.l.f.aspect.logging.LoggingAspect - [SERVICE-ENTRY] RequestId: e04cd74a-2334-4c7f-9217-bad8b949c9a3, Method: ru.lomov.flashbackend.services.PostServiceImpl.findAllPosts(), Args: []
2025-08-20 13:56:23 [http-nio-8187-exec-4] DEBUG r.l.f.aspect.logging.LoggingAspect - [REPOSITORY-QUERY] RequestId: e04cd74a-2334-4c7f-9217-bad8b949c9a3, Repository: ru.lomov.flashbackend.repositories.PostRepository.findAllByIsPostTrueOrderByCreatedAtAsc(), Args: []
2025-08-20 13:56:23 [http-nio-8187-exec-4] INFO  PERFORMANCE - [MEDIUM-REPOSITORY] Method: findAllByIsPostTrueOrderByCreatedAtAsc, Time: 376ms, Class: $Proxy154
2025-08-20 13:56:23 [http-nio-8187-exec-4] DEBUG r.l.f.aspect.logging.LoggingAspect - [REPOSITORY-RESULT] RequestId: e04cd74a-2334-4c7f-9217-bad8b949c9a3, Repository: ru.lomov.flashbackend.repositories.PostRepository.findAllByIsPostTrueOrderByCreatedAtAsc(), Time: 378ms, ResultCount: 10
2025-08-20 13:56:23 [http-nio-8187-exec-4] INFO  PERFORMANCE - [MEDIUM-SERVICE] Method: findAllPosts, Time: 424ms, Class: PostServiceImpl
2025-08-20 13:56:23 [http-nio-8187-exec-4] INFO  r.l.f.aspect.logging.LoggingAspect - [SERVICE-EXIT] RequestId: e04cd74a-2334-4c7f-9217-bad8b949c9a3, Method: ru.lomov.flashbackend.services.PostServiceImpl.findAllPosts(), Result: [ru.lomov.flashbackend.entities.Post@1f723d6b, ru.lomov.flashbackend.entities.Post@d5047bf, ru.lomov.flashbackend.entities.Post@699e91bf, ru.lomov.flashbackend.entities.Post@6ce737a3, ru.lomov.flashbackend.entities.Post@62f0c631, ru.lomov.flashbackend.entities.Post@6d92086f, ru.lomov.flashbackend.entities.Post@709c6f0b, ru.lomov.flashbackend.entities.Post@25930494, ru.lomov.flashbackend.entities.Post@41369f59, ru.lomov.flashbackend.entities.Post@3c9a2660]
2025-08-20 13:56:26 [http-nio-8187-exec-4] WARN  PERFORMANCE - [SLOW-CONTROLLER] Method: findAllPosts, Time: 3972ms, Class: PostController
2025-08-20 13:56:26 [http-nio-8187-exec-4] INFO  r.l.f.aspect.logging.LoggingAspect - [CONTROLLER-RESPONSE] RequestId: e04cd74a-2334-4c7f-9217-bad8b949c9a3, Controller: ru.lomov.flashbackend.controllers.PostController.findAllPosts(), Status: SUCCESS, Time: 3972ms
2025-08-20 13:56:26 [http-nio-8187-exec-4] DEBUG o.s.w.s.m.m.a.RequestResponseBodyMethodProcessor - Using 'application/json', given [application/json, text/plain, */*] and supported [application/json, application/*+json, application/json, application/*+json, application/cbor]
2025-08-20 13:56:26 [http-nio-8187-exec-4] TRACE o.s.w.s.m.m.a.RequestResponseBodyMethodProcessor - Writing [[PostDto(id=111, content=hkjslkdjflskdjflsdkjflsklf, image=, video=, audio=null, createdAt=2024-07-06T14:47:13.861142, modifiedAt=null, user=UserDto(id=110, firstName=Иван , lastName=Афиногенов, fullName=Афиногенов Иван , email=zivert@cai.mail.com, password=null, location=null, statement=null, website=null, birthDate=null, phoneNumber=null, profilePictureUrl=null, coverPictureUrl=null, image=null, backgroundImage=null, bio=null, gender=null, language=null, city=null, country=null, timezone=null, address=null, postalCode=null, interests=null, skills=null, education=null, occupation=null, company=null, websiteCompanyYoutube=null, websiteCompanyVk=null, websiteCompanyOk=null, websiteCompanyTelegram=null, req_user=false, followed=false, isVerified=false, login_via_google=false, login_via_vk=false, followers=[], following=[]), totalLikes=1, totalReplies=0, totalReposts=0, totalShares=0, isLiked=true, isReposted=false, isBookmarked=true, bookmarkCount=3, repostUsersId=[], replyPost=null), PostDto(id=116, content=ывоалврпщшгщшегукщлтмв, image=, video=, audio=null, createdAt=2024-07-22T15:07:44.562731, modifiedAt=null, user=UserDto(id=110, firstName=Иван , lastName=Афиногенов, fullName=Афиногенов Иван , email=zivert@cai.mail.com, password=null, location=null, statement=null, website=null, birthDate=null, phoneNumber=null, profilePictureUrl=null, coverPictureUrl=null, image=null, backgroundImage=null, bio=null, gender=null, language=null, city=null, country=null, timezone=null, address=null, postalCode=null, interests=null, skills=null, education=null, occupation=null, company=null, websiteCompanyYoutube=null, websiteCompanyVk=null, websiteCompanyOk=null, websiteCompanyTelegram=null, req_user=false, followed=false, isVerified=false, login_via_google=false, login_via_vk=false, followers=[], following=[]), totalLikes=1, totalReplies=0, totalReposts=0, totalShares=0, isLiked=true, isReposted=false, isBookmarked=true, bookmarkCount=3, repostUsersId=[], replyPost=null), PostDto(id=117, content=dkvlfdjdropogrgjjoi, image=, video=, audio=null, createdAt=2024-07-26T15:41:53.294128, modifiedAt=null, user=UserDto(id=110, firstName=Иван , lastName=Афиногенов, fullName=Афиногенов Иван , email=zivert@cai.mail.com, password=null, location=null, statement=null, website=null, birthDate=null, phoneNumber=null, profilePictureUrl=null, coverPictureUrl=null, image=null, backgroundImage=null, bio=null, gender=null, language=null, city=null, country=null, timezone=null, address=null, postalCode=null, interests=null, skills=null, education=null, occupation=null, company=null, websiteCompanyYoutube=null, websiteCompanyVk=null, websiteCompanyOk=null, websiteCompanyTelegram=null, req_user=false, followed=false, isVerified=false, login_via_google=false, login_via_vk=false, followers=[], following=[]), totalLikes=0, totalReplies=0, totalReposts=0, totalShares=0, isLiked=false, isReposted=false, isBookmarked=true, bookmarkCount=3, repostUsersId=[], replyPost=null), PostDto(id=118, content=lgl l l llg lgl llg lgl , image=, video=, audio=null, createdAt=2024-07-27T22:30:10.650353, modifiedAt=null, user=UserDto(id=110, firstName=Иван , lastName=Афиногенов, fullName=Афиногенов Иван , email=zivert@cai.mail.com, password=null, location=null, statement=null, website=null, birthDate=null, phoneNumber=null, profilePictureUrl=null, coverPictureUrl=null, image=null, backgroundImage=null, bio=null, gender=null, language=null, city=null, country=null, timezone=null, address=null, postalCode=null, interests=null, skills=null, education=null, occupation=null, company=null, websiteCompanyYoutube=null, websiteCompanyVk=null, websiteCompanyOk=null, websiteCompanyTelegram=null, req_user=false, followed=false, isVerified=false, login_via_google=false, login_via_vk=false, followers=[], following=[]), totalLikes=0, totalReplies=0, totalReposts=0, totalShares=0, isLiked=false, isReposted=false, isBookmarked=false, bookmarkCount=3, repostUsersId=[], replyPost=null), PostDto(id=123, content=vxcmnv,nxcv,, image=, video=, audio=null, createdAt=2025-02-13T12:32:26.527722, modifiedAt=null, user=UserDto(id=110, firstName=Иван , lastName=Афиногенов, fullName=Афиногенов Иван , email=zivert@cai.mail.com, password=null, location=null, statement=null, website=null, birthDate=null, phoneNumber=null, profilePictureUrl=null, coverPictureUrl=null, image=null, backgroundImage=null, bio=null, gender=null, language=null, city=null, country=null, timezone=null, address=null, postalCode=null, interests=null, skills=null, education=null, occupation=null, company=null, websiteCompanyYoutube=null, websiteCompanyVk=null, websiteCompanyOk=null, websiteCompanyTelegram=null, req_user=false, followed=false, isVerified=false, login_via_google=false, login_via_vk=false, followers=[], following=[]), totalLikes=0, totalReplies=0, totalReposts=0, totalShares=0, isLiked=false, isReposted=false, isBookmarked=false, bookmarkCount=3, repostUsersId=[], replyPost=null), PostDto(id=124, content=обложка, image=, video=, audio=null, createdAt=2025-04-01T15:09:22.539372, modifiedAt=null, user=UserDto(id=110, firstName=Иван , lastName=Афиногенов, fullName=Афиногенов Иван , email=zivert@cai.mail.com, password=null, location=null, statement=null, website=null, birthDate=null, phoneNumber=null, profilePictureUrl=null, coverPictureUrl=null, image=null, backgroundImage=null, bio=null, gender=null, language=null, city=null, country=null, timezone=null, address=null, postalCode=null, interests=null, skills=null, education=null, occupation=null, company=null, websiteCompanyYoutube=null, websiteCompanyVk=null, websiteCompanyOk=null, websiteCompanyTelegram=null, req_user=false, followed=false, isVerified=false, login_via_google=false, login_via_vk=false, followers=[], following=[]), totalLikes=0, totalReplies=0, totalReposts=0, totalShares=0, isLiked=false, isReposted=false, isBookmarked=false, bookmarkCount=3, repostUsersId=[], replyPost=null), PostDto(id=125, content=yjh, image=, video=, audio=null, createdAt=2025-04-01T15:52:02.053212, modifiedAt=null, user=UserDto(id=110, firstName=Иван , lastName=Афиногенов, fullName=Афиногенов Иван , email=zivert@cai.mail.com, password=null, location=null, statement=null, website=null, birthDate=null, phoneNumber=null, profilePictureUrl=null, coverPictureUrl=null, image=null, backgroundImage=null, bio=null, gender=null, language=null, city=null, country=null, timezone=null, address=null, postalCode=null, interests=null, skills=null, education=null, occupation=null, company=null, websiteCompanyYoutube=null, websiteCompanyVk=null, websiteCompanyOk=null, websiteCompanyTelegram=null, req_user=false, followed=false, isVerified=false, login_via_google=false, login_via_vk=false, followers=[], following=[]), totalLikes=0, totalReplies=0, totalReposts=0, totalShares=0, isLiked=false, isReposted=false, isBookmarked=false, bookmarkCount=3, repostUsersId=[], replyPost=null), PostDto(id=126, content=fv, image=, video=, audio=null, createdAt=2025-04-01T15:52:58.660847, modifiedAt=null, user=UserDto(id=110, firstName=Иван , lastName=Афиногенов, fullName=Афиногенов Иван , email=zivert@cai.mail.com, password=null, location=null, statement=null, website=null, birthDate=null, phoneNumber=null, profilePictureUrl=null, coverPictureUrl=null, image=null, backgroundImage=null, bio=null, gender=null, language=null, city=null, country=null, timezone=null, address=null, postalCode=null, interests=null, skills=null, education=null, occupation=null, company=null, websiteCompanyYoutube=null, websiteCompanyVk=null, websiteCompanyOk=null, websiteCompanyTelegram=null, req_user=false, followed=false, isVerified=false, login_via_google=false, login_via_vk=false, followers=[], following=[]), totalLikes=0, totalReplies=0, totalReposts=0, totalShares=0, isLiked=false, isReposted=false, isBookmarked=false, bookmarkCount=3, repostUsersId=[], replyPost=null), PostDto(id=128, content=yuyiuyiy, image=, video=, audio=null, createdAt=2025-08-19T20:56:04.200513, modifiedAt=null, user=UserDto(id=110, firstName=Иван , lastName=Афиногенов, fullName=Афиногенов Иван , email=zivert@cai.mail.com, password=null, location=null, statement=null, website=null, birthDate=null, phoneNumber=null, profilePictureUrl=null, coverPictureUrl=null, image=null, backgroundImage=null, bio=null, gender=null, language=null, city=null, country=null, timezone=null, address=null, postalCode=null, interests=null, skills=null, education=null, occupation=null, company=null, websiteCompanyYoutube=null, websiteCompanyVk=null, websiteCompanyOk=null, websiteCompanyTelegram=null, req_user=false, followed=false, isVerified=false, login_via_google=false, login_via_vk=false, followers=[], following=[]), totalLikes=0, totalReplies=0, totalReposts=0, totalShares=0, isLiked=false, isReposted=false, isBookmarked=false, bookmarkCount=3, repostUsersId=[], replyPost=null), PostDto(id=129, content=kljklj, image=, video=, audio=null, createdAt=2025-08-20T11:02:36.369141, modifiedAt=null, user=UserDto(id=110, firstName=Иван , lastName=Афиногенов, fullName=Афиногенов Иван , email=zivert@cai.mail.com, password=null, location=null, statement=null, website=null, birthDate=null, phoneNumber=null, profilePictureUrl=null, coverPictureUrl=null, image=null, backgroundImage=null, bio=null, gender=null, language=null, city=null, country=null, timezone=null, address=null, postalCode=null, interests=null, skills=null, education=null, occupation=null, company=null, websiteCompanyYoutube=null, websiteCompanyVk=null, websiteCompanyOk=null, websiteCompanyTelegram=null, req_user=false, followed=false, isVerified=false, login_via_google=false, login_via_vk=false, followers=[], following=[]), totalLikes=0, totalReplies=0, totalReposts=0, totalShares=0, isLiked=false, isReposted=false, isBookmarked=false, bookmarkCount=3, repostUsersId=[], replyPost=null)]]
2025-08-20 13:56:26 [http-nio-8187-exec-4] TRACE o.s.web.servlet.DispatcherServlet - No view rendering, null ModelAndView returned.
2025-08-20 13:56:26 [http-nio-8187-exec-4] DEBUG o.s.web.servlet.DispatcherServlet - Completed 200 OK, headers={masked}
2025-08-20 13:57:56 [http-nio-8187-exec-6] TRACE o.s.web.servlet.DispatcherServlet - GET "/auth/signIn", parameters={}, headers={masked} in DispatcherServlet 'dispatcherServlet'
2025-08-20 13:57:57 [http-nio-8187-exec-6] WARN  o.s.w.s.m.s.DefaultHandlerExceptionResolver - Resolved [org.springframework.web.HttpRequestMethodNotSupportedException: Request method 'GET' not supported]
2025-08-20 13:57:57 [http-nio-8187-exec-6] TRACE o.s.web.servlet.DispatcherServlet - No view rendering, null ModelAndView returned.
2025-08-20 13:57:57 [http-nio-8187-exec-6] DEBUG o.s.web.servlet.DispatcherServlet - Completed 405 METHOD_NOT_ALLOWED, headers={masked}
2025-08-20 13:57:57 [http-nio-8187-exec-6] TRACE o.s.web.servlet.DispatcherServlet - "ERROR" dispatch for GET "/error", parameters={}, headers={masked} in DispatcherServlet 'dispatcherServlet'
2025-08-20 13:57:57 [http-nio-8187-exec-6] TRACE o.s.w.s.m.m.a.RequestMappingHandlerMapping - 2 matching mappings: [{ [/error]}, { [/error], produces [text/html]}]
2025-08-20 13:57:57 [http-nio-8187-exec-6] TRACE o.s.w.s.m.m.a.RequestMappingHandlerMapping - Mapped to org.springframework.boot.autoconfigure.web.servlet.error.BasicErrorController#error(HttpServletRequest)
2025-08-20 13:57:57 [http-nio-8187-exec-6] TRACE o.s.web.method.HandlerMethod - Arguments: [SecurityContextHolderAwareRequestWrapper[ FirewalledRequest[ org.apache.catalina.core.ApplicationHttpRequest@1730f290]]]
2025-08-20 13:57:58 [http-nio-8187-exec-6] DEBUG o.s.w.s.m.m.a.HttpEntityMethodProcessor - Using 'application/json', given [application/json, text/plain, */*] and supported [application/json, application/*+json, application/json, application/*+json, application/cbor]
2025-08-20 13:57:58 [http-nio-8187-exec-6] TRACE o.s.w.s.m.m.a.HttpEntityMethodProcessor - Writing [{timestamp=Wed Aug 20 13:57:58 VLAT 2025, status=405, error=Method Not Allowed, trace=org.springframework.web.HttpRequestMethodNotSupportedException: Request method 'GET' not supported
	at org.springframework.web.servlet.mvc.method.RequestMappingInfoHandlerMapping.handleNoMatch(RequestMappingInfoHandlerMapping.java:253)
	at org.springframework.web.servlet.handler.AbstractHandlerMethodMapping.lookupHandlerMethod(AbstractHandlerMethodMapping.java:442)
	at org.springframework.web.servlet.handler.AbstractHandlerMethodMapping.getHandlerInternal(AbstractHandlerMethodMapping.java:383)
	at org.springframework.web.servlet.mvc.method.RequestMappingInfoHandlerMapping.getHandlerInternal(RequestMappingInfoHandlerMapping.java:125)
	at org.springframework.web.servlet.mvc.method.RequestMappingInfoHandlerMapping.getHandlerInternal(RequestMappingInfoHandlerMapping.java:67)
	at org.springframework.web.servlet.handler.AbstractHandlerMapping.getHandler(AbstractHandlerMapping.java:498)
	at org.springframework.web.servlet.DispatcherServlet.getHandler(DispatcherServlet.java:1265)
	at org.springframework.web.servlet.DispatcherServlet.doDispatch(DispatcherServlet.java:1047)
	at org.springframework.web.servlet.DispatcherServlet.doService(DispatcherServlet.java:964)
	at org.springframework.web.servlet.FrameworkServlet.processRequest(FrameworkServlet.java:1006)
	at org.springframework.web.servlet.FrameworkServlet.doGet(FrameworkServlet.java:898)
	at javax.servlet.http.HttpServlet.service(HttpServlet.java:655)
	at org.springframework.web.servlet.FrameworkServlet.service(FrameworkServlet.java:883)
	at javax.servlet.http.HttpServlet.service(HttpServlet.java:764)
	at org.apache.catalina.core.ApplicationFilterChain.internalDoFilter(ApplicationFilterChain.java:227)
	at org.apache.catalina.core.ApplicationFilterChain.doFilter(ApplicationFilterChain.java:162)
	at org.apache.tomcat.websocket.server.WsFilter.doFilter(WsFilter.java:53)
	at org.apache.catalina.core.ApplicationFilterChain.internalDoFilter(ApplicationFilterChain.java:189)
	at org.apache.catalina.core.ApplicationFilterChain.doFilter(ApplicationFilterChain.java:162)
	at org.springframework.security.web.FilterChainProxy$VirtualFilterChain.doFilter(FilterChainProxy.java:337)
	at org.springframework.security.web.access.intercept.AuthorizationFilter.doFilterInternal(AuthorizationFilter.java:73)
	at org.springframework.web.filter.OncePerRequestFilter.doFilter(OncePerRequestFilter.java:117)
	at org.springframework.security.web.FilterChainProxy$VirtualFilterChain.doFilter(FilterChainProxy.java:346)
	at org.springframework.security.web.access.ExceptionTranslationFilter.doFilter(ExceptionTranslationFilter.java:122)
	at org.springframework.security.web.access.ExceptionTranslationFilter.doFilter(ExceptionTranslationFilter.java:116)
	at org.springframework.security.web.FilterChainProxy$VirtualFilterChain.doFilter(FilterChainProxy.java:346)
	at org.springframework.security.web.session.SessionManagementFilter.doFilter(SessionManagementFilter.java:126)
	at org.springframework.security.web.session.SessionManagementFilter.doFilter(SessionManagementFilter.java:81)
	at org.springframework.security.web.FilterChainProxy$VirtualFilterChain.doFilter(FilterChainProxy.java:346)
	at org.springframework.security.web.authentication.AnonymousAuthenticationFilter.doFilter(AnonymousAuthenticationFilter.java:109)
	at org.springframework.security.web.FilterChainProxy$VirtualFilterChain.doFilter(FilterChainProxy.java:346)
	at org.springframework.security.web.servletapi.SecurityContextHolderAwareRequestFilter.doFilter(SecurityContextHolderAwareRequestFilter.java:149)
	at org.springframework.security.web.FilterChainProxy$VirtualFilterChain.doFilter(FilterChainProxy.java:346)
	at org.springframework.security.web.savedrequest.RequestCacheAwareFilter.doFilter(RequestCacheAwareFilter.java:63)
	at org.springframework.security.web.FilterChainProxy$VirtualFilterChain.doFilter(FilterChainProxy.java:346)
	at ru.lomov.flashbackend.config.JwtTokenValidator.doFilterInternal(JwtTokenValidator.java:43)
	at org.springframework.web.filter.OncePerRequestFilter.doFilter(OncePerRequestFilter.java:117)
	at org.springframework.security.web.FilterChainProxy$VirtualFilterChain.doFilter(FilterChainProxy.java:346)
	at org.springframework.web.filter.CorsFilter.doFilterInternal(CorsFilter.java:91)
	at org.springframework.web.filter.OncePerRequestFilter.doFilter(OncePerRequestFilter.java:117)
	at org.springframework.security.web.FilterChainProxy$VirtualFilterChain.doFilter(FilterChainProxy.java:346)
	at org.springframework.security.web.header.HeaderWriterFilter.doHeadersAfter(HeaderWriterFilter.java:90)
	at org.springframework.security.web.header.HeaderWriterFilter.doFilterInternal(HeaderWriterFilter.java:75)
	at org.springframework.web.filter.OncePerRequestFilter.doFilter(OncePerRequestFilter.java:117)
	at org.springframework.security.web.FilterChainProxy$VirtualFilterChain.doFilter(FilterChainProxy.java:346)
	at org.springframework.security.web.context.SecurityContextPersistenceFilter.doFilter(SecurityContextPersistenceFilter.java:112)
	at org.springframework.security.web.context.SecurityContextPersistenceFilter.doFilter(SecurityContextPersistenceFilter.java:82)
	at org.springframework.security.web.FilterChainProxy$VirtualFilterChain.doFilter(FilterChainProxy.java:346)
	at org.springframework.security.web.context.request.async.WebAsyncManagerIntegrationFilter.doFilterInternal(WebAsyncManagerIntegrationFilter.java:55)
	at org.springframework.web.filter.OncePerRequestFilter.doFilter(OncePerRequestFilter.java:117)
	at org.springframework.security.web.FilterChainProxy$VirtualFilterChain.doFilter(FilterChainProxy.java:346)
	at org.springframework.security.web.session.DisableEncodeUrlFilter.doFilterInternal(DisableEncodeUrlFilter.java:42)
	at org.springframework.web.filter.OncePerRequestFilter.doFilter(OncePerRequestFilter.java:117)
	at org.springframework.security.web.FilterChainProxy$VirtualFilterChain.doFilter(FilterChainProxy.java:346)
	at org.springframework.security.web.FilterChainProxy.doFilterInternal(FilterChainProxy.java:221)
	at org.springframework.security.web.FilterChainProxy.doFilter(FilterChainProxy.java:186)
	at org.springframework.web.filter.DelegatingFilterProxy.invokeDelegate(DelegatingFilterProxy.java:354)
	at org.springframework.web.filter.DelegatingFilterProxy.doFilter(DelegatingFilterProxy.java:267)
	at org.apache.catalina.core.ApplicationFilterChain.internalDoFilter(ApplicationFilterChain.java:189)
	at org.apache.catalina.core.ApplicationFilterChain.doFilter(ApplicationFilterChain.java:162)
	at org.springframework.web.filter.RequestContextFilter.doFilterInternal(RequestContextFilter.java:100)
	at org.springframework.web.filter.OncePerRequestFilter.doFilter(OncePerRequestFilter.java:117)
	at org.apache.catalina.core.ApplicationFilterChain.internalDoFilter(ApplicationFilterChain.java:189)
	at org.apache.catalina.core.ApplicationFilterChain.doFilter(ApplicationFilterChain.java:162)
	at org.springframework.web.filter.FormContentFilter.doFilterInternal(FormContentFilter.java:93)
	at org.springframework.web.filter.OncePerRequestFilter.doFilter(OncePerRequestFilter.java:117)
	at org.apache.catalina.core.ApplicationFilterChain.internalDoFilter(ApplicationFilterChain.java:189)
	at org.apache.catalina.core.ApplicationFilterChain.doFilter(ApplicationFilterChain.java:162)
	at org.springframework.web.filter.CharacterEncodingFilter.doFilterInternal(CharacterEncodingFilter.java:201)
	at org.springframework.web.filter.OncePerRequestFilter.doFilter(OncePerRequestFilter.java:117)
	at org.apache.catalina.core.ApplicationFilterChain.internalDoFilter(ApplicationFilterChain.java:189)
	at org.apache.catalina.core.ApplicationFilterChain.doFilter(ApplicationFilterChain.java:162)
	at org.apache.catalina.core.StandardWrapperValve.invoke(StandardWrapperValve.java:197)
	at org.apache.catalina.core.StandardContextValve.invoke(StandardContextValve.java:97)
	at org.apache.catalina.authenticator.AuthenticatorBase.invoke(AuthenticatorBase.java:541)
	at org.apache.catalina.core.StandardHostValve.invoke(StandardHostValve.java:135)
	at org.apache.catalina.valves.ErrorReportValve.invoke(ErrorReportValve.java:92)
	at org.apache.catalina.core.StandardEngineValve.invoke(StandardEngineValve.java:78)
	at org.apache.catalina.connector.CoyoteAdapter.service(CoyoteAdapter.java:360)
	at org.apache.coyote.http11.Http11Processor.service(Http11Processor.java:399)
	at org.apache.coyote.AbstractProcessorLight.process(AbstractProcessorLight.java:65)
	at org.apache.coyote.AbstractProtocol$ConnectionHandler.process(AbstractProtocol.java:890)
	at org.apache.tomcat.util.net.NioEndpoint$SocketProcessor.doRun(NioEndpoint.java:1789)
	at org.apache.tomcat.util.net.SocketProcessorBase.run(SocketProcessorBase.java:49)
	at org.apache.tomcat.util.threads.ThreadPoolExecutor.runWorker(ThreadPoolExecutor.java:1191)
	at org.apache.tomcat.util.threads.ThreadPoolExecutor$Worker.run(ThreadPoolExecutor.java:659)
	at org.apache.tomcat.util.threads.TaskThread$WrappingRunnable.run(TaskThread.java:61)
	at java.base/java.lang.Thread.run(Thread.java:840)
, message=Request method 'GET' not supported, path=/auth/signIn}]
2025-08-20 13:58:05 [http-nio-8187-exec-6] TRACE o.s.web.servlet.DispatcherServlet - No view rendering, null ModelAndView returned.
2025-08-20 13:58:05 [http-nio-8187-exec-6] DEBUG o.s.web.servlet.DispatcherServlet - Exiting from "ERROR" dispatch, status 405, headers={masked}
2025-08-20 14:33:46 [SpringApplicationShutdownHook] INFO  o.s.o.j.LocalContainerEntityManagerFactoryBean - Closing JPA EntityManagerFactory for persistence unit 'default'
2025-08-20 14:33:46 [SpringApplicationShutdownHook] INFO  com.zaxxer.hikari.HikariDataSource - HikariPool-1 - Shutdown initiated...
2025-08-20 14:33:46 [SpringApplicationShutdownHook] INFO  com.zaxxer.hikari.HikariDataSource - HikariPool-1 - Shutdown completed.
